age,annual_premium,policy_tenure_months,claim_amount,num_claims_last_3yrs,vehicle_age,incident_severity,police_report,witness_present,fraud_reported,incident_type_fire,incident_type_natural disaster,incident_type_theft,customer_state_dl,customer_state_ka,customer_state_mh,customer_state_tn,customer_state_ts,channel_branch,channel_online,claim_status_open,claim_status_under review,claim_to_premium_ratio,is_repeat_claimant,tenure_bucket_short,tenure_bucket_mid,tenure_bucket_long
23,49975.4,173,79834.99,0,1.0,3,1,0,0,True,False,False,False,True,False,False,False,False,False,False,False,1.597453798192747,0,False,False,True
62,31969.79,96,156681.04,2,4.0,1,1,0,1,True,False,False,False,False,False,False,False,False,False,True,False,4.900755971310062,0,False,True,False
55,39361.45,116,69038.62,0,14.0,2,0,1,1,False,False,False,False,False,True,False,False,False,False,False,False,1.7539208052344304,0,False,True,False
43,6080.94,109,1000.0,3,0.0,1,0,0,0,False,True,False,False,True,False,False,False,True,False,False,True,0.16442122086044914,1,False,True,False
42,21123.83,180,107700.01,1,2.0,1,1,1,0,False,False,True,False,False,False,False,False,False,False,False,False,5.0982663529126615,0,False,False,True
66,31474.65,133,53544.02,0,13.0,1,1,1,0,False,False,True,False,True,False,False,False,False,True,False,False,1.701125155477329,0,False,False,True
22,22134.4,22,86918.4,1,8.0,1,1,0,0,False,False,False,False,False,False,False,True,True,False,False,False,3.9266694977276213,0,False,False,False
57,43572.76,13,81098.29,1,0.0,1,1,1,0,False,False,False,False,True,False,False,False,False,True,False,False,1.8611726415163619,0,False,False,False
29,58967.56,74,72683.32,0,7.0,1,0,0,0,False,False,False,False,False,False,True,False,False,False,False,False,1.2325774955332132,0,False,True,False
23,20880.62,93,120565.33,1,11.0,1,0,0,0,True,False,False,False,False,False,False,True,False,False,False,True,5.773753664706091,0,False,True,False
48,24950.44,121,16021.08,1,5.0,1,0,1,0,False,False,True,False,False,False,True,False,False,False,False,False,0.6420903963859401,0,False,False,True
73,37825.38,87,61734.36,1,6.0,1,0,1,0,False,False,False,False,False,False,True,False,True,False,False,False,1.6320451494433252,0,False,True,False
59,54333.39,93,115781.71,0,10.0,3,1,0,1,False,False,False,True,False,False,False,False,False,True,False,False,2.130910276162114,0,False,True,False
61,20331.51,166,57366.19,1,9.0,1,0,1,0,False,False,False,False,False,True,False,False,False,True,False,False,2.821402276452834,0,False,False,True
58,37988.43,61,12603.7,1,14.0,2,1,1,0,False,False,False,False,True,False,False,False,False,True,False,True,0.3317685998447463,0,False,True,False
62,56855.59,89,115084.99,0,3.0,1,1,0,1,False,True,False,True,False,False,False,False,False,True,False,True,2.0241275461648334,0,False,True,False
47,15178.89,101,135539.26,0,4.0,1,0,1,1,False,False,False,False,False,False,False,False,False,True,False,False,8.928869708542026,0,False,True,False
25,19627.17,85,82975.22,2,2.0,1,1,0,1,False,False,False,False,True,False,False,False,False,False,False,False,4.22735384908527,0,False,True,False
65,29916.72,175,1000.0,1,10.0,1,0,0,0,False,False,False,True,False,False,False,False,False,False,False,False,0.033425006985826455,0,False,False,True
43,28752.94,174,116768.64,1,8.0,1,0,1,1,False,False,False,False,False,False,False,False,False,False,False,True,4.060961384770226,0,False,False,True
46,44751.22,93,10305.05,2,5.0,2,0,0,0,False,False,True,False,False,False,True,False,False,True,False,False,0.2302690235255368,0,False,True,False
39,37899.92,82,98895.97,0,11.0,1,0,0,1,False,True,False,False,True,False,False,False,True,False,False,False,2.6093290083723564,0,False,True,False
28,13700.46,107,45064.13,0,6.0,2,1,0,0,False,False,True,True,False,False,False,False,False,True,False,True,3.289002047956933,0,False,True,False
70,41184.92,33,32807.23,0,3.0,1,1,1,0,False,False,True,False,False,False,True,False,False,True,False,True,0.7965642141780493,0,True,False,False
62,34983.29,77,65114.05,2,8.0,1,0,0,0,False,False,False,False,False,False,False,True,True,False,False,False,1.8612368580297043,0,False,True,False
54,50293.37,40,76751.61,2,6.0,1,0,1,1,False,False,True,False,False,False,True,False,False,False,False,False,1.526047746497272,0,True,False,False
40,27468.95,26,56010.63,0,6.0,3,0,0,1,False,False,False,True,False,False,False,False,False,False,False,False,2.038978228937439,0,True,False,False
64,27360.62,18,111491.65,1,7.0,1,1,1,0,False,False,False,False,False,True,False,False,True,False,False,True,4.074745939750644,0,False,False,False
49,41493.58,106,64926.88,2,14.0,1,1,0,0,False,True,False,False,False,False,False,True,True,False,False,False,1.5647074870983149,0,False,True,False
43,34983.29,1,129108.59,5,3.0,1,1,1,1,False,False,False,False,False,False,False,False,False,True,False,False,3.690473352467636,1,False,False,False
43,40377.19,117,97652.79,3,4.0,1,0,0,0,False,False,False,False,False,False,False,True,False,False,False,False,2.4184538732419654,1,False,True,False
30,14772.83,78,53609.93,2,9.0,3,0,0,0,False,False,False,False,False,False,False,False,True,False,False,False,3.6287090077522213,0,False,True,False
23,34983.29,66,46032.71,3,0.0,2,0,0,1,True,False,False,True,False,False,False,False,False,True,True,False,1.3158108968339788,1,False,True,False
49,22588.3,139,10862.67,4,2.0,1,1,1,0,False,False,False,False,False,True,False,False,False,True,False,False,0.480876786797289,1,False,False,True
68,37823.31,97,98082.99,1,7.0,3,1,0,1,False,False,False,False,True,False,False,False,False,False,True,False,2.5931204032538866,0,False,True,False
21,17915.19,133,69043.56,1,8.0,2,1,0,0,True,False,False,False,False,True,False,False,False,True,False,False,3.8536965727646337,0,False,False,True
66,40355.87,128,1000.0,2,10.0,1,1,0,0,False,False,False,False,False,False,True,False,True,False,False,True,0.0247789285938181,0,False,False,True
65,25320.81,6,86495.95999999999,0,1.0,1,1,0,0,False,True,False,False,False,False,True,False,True,False,False,False,3.4158679810013575,0,False,False,False
33,19608.38,39,44453.47,0,7.0,1,0,1,1,False,False,False,False,False,False,False,False,False,True,False,False,2.266949286514923,0,True,False,False
54,43565.84,103,155905.49,2,7.0,1,1,0,1,False,False,True,False,False,False,True,False,False,True,False,True,3.5785356477541175,0,False,True,False
27,37899.73,176,8374.96,1,2.0,1,1,1,0,False,True,False,True,False,False,False,False,False,True,True,False,0.22097094172064755,0,False,False,True
61,27632.28,28,20139.21,1,4.0,1,0,1,0,False,False,False,True,False,False,False,False,False,True,False,True,0.7288027335155292,0,True,False,False
57,52414.15,20,134948.63,0,3.0,3,0,1,1,False,False,True,False,True,False,False,False,False,False,True,False,2.574611157270369,0,False,False,False
38,29712.17,170,146054.34,0,7.0,3,1,0,0,False,False,False,False,False,False,True,False,False,False,False,False,4.915474855089511,0,False,False,True
21,35385.29,175,51475.77,1,7.0,1,1,0,0,True,False,False,False,False,False,False,False,False,False,False,False,1.454681177371236,0,False,False,True
73,38226.96,31,56556.14,2,6.0,1,0,0,0,False,True,False,False,False,True,False,False,False,True,False,False,1.4794443648052369,0,True,False,False
43,27564.01,73,112730.59,0,7.0,1,0,1,1,False,False,True,False,False,False,False,True,False,False,False,False,4.089626305232612,0,False,True,False
68,40653.64,113,1000.0,0,14.0,1,0,0,0,False,True,False,False,False,True,False,False,False,False,False,False,0.024597438324383145,0,False,True,False
56,34983.29,36,1246.28,1,7.0,1,1,0,0,False,False,True,False,True,False,False,False,True,False,False,False,0.035623990082405556,0,True,False,False
62,30060.34,59,72367.0,2,7.0,1,1,0,1,False,False,True,False,False,False,False,True,False,True,True,False,2.4073111843983,0,True,False,False
61,34983.29,72,154745.08,0,15.0,1,0,1,1,False,False,False,False,False,False,True,False,False,False,False,True,4.42327341786842,0,False,True,False
29,22512.97,116,65392.15,0,13.0,1,1,0,0,False,False,True,False,False,False,True,False,False,False,False,False,2.9045143970610248,0,False,True,False
38,6046.64,56,89542.16,2,13.0,1,1,0,0,False,True,False,False,False,True,False,False,False,True,False,False,14.80613264017038,0,True,False,False
44,54331.24,75,136020.52,4,3.0,1,0,0,0,False,False,True,False,True,False,False,False,False,False,True,False,2.503495530462208,1,False,True,False
46,64526.87375,53,179809.81,3,7.0,2,1,0,1,False,False,False,False,True,False,False,False,False,True,False,False,2.7865447836796267,1,True,False,False
20,30136.77,137,59041.82,0,5.0,1,0,1,0,False,False,False,False,False,False,False,False,False,False,False,False,1.9590639917950132,0,False,False,True
49,11757.94,28,86495.95999999999,2,1.0,1,0,0,0,True,False,False,False,False,True,False,False,False,False,False,False,7.355761658788971,0,True,False,False
26,31274.19,42,166992.48,2,1.0,1,1,1,1,False,True,False,False,False,False,False,True,False,True,False,False,5.339455331846106,0,True,False,False
60,31565.32,45,16501.03,3,9.0,1,0,0,0,False,False,False,False,True,False,False,False,False,False,True,False,0.5227416436252309,1,True,False,False
56,32720.91,164,131241.15,1,6.0,1,1,0,0,False,False,False,False,False,True,False,False,False,True,False,False,4.0108034647121755,0,False,False,True
70,21639.34,171,39175.8,0,13.0,1,0,1,0,False,False,False,False,False,False,False,False,False,False,False,False,1.8103135163310744,0,False,False,True
60,41954.73,91,89611.26,1,10.0,1,0,0,0,False,False,False,False,False,True,False,False,False,False,True,False,2.1358527190445735,0,False,True,False
38,34983.29,29,74082.14,0,1.0,1,0,1,0,False,True,False,False,False,False,True,False,False,False,False,False,2.117583063712312,0,True,False,False
73,17067.13,137,41889.48,2,13.0,1,1,1,0,False,False,False,True,False,False,False,False,True,False,False,False,2.4542512858760746,0,False,False,True
41,43390.36,89,40760.41,2,7.0,1,0,0,0,False,False,False,False,False,False,True,False,False,False,False,False,0.939366961533356,0,False,True,False
36,59632.22,153,97438.65,0,9.0,1,0,0,0,False,False,False,True,False,False,False,False,False,False,True,False,1.6339659337530321,0,False,False,True
69,37063.52,65,129799.27,0,15.0,1,0,0,0,False,False,False,False,False,False,False,False,False,False,True,False,3.5019816795145333,0,False,True,False
39,30952.1,180,79161.87,1,10.0,1,0,0,1,False,True,False,False,False,True,False,False,False,True,False,False,2.55747792628202,0,False,False,True
22,34983.29,146,88155.09,0,0.0,1,1,1,0,False,False,False,False,False,False,False,True,False,False,False,False,2.5198479088756693,0,False,False,True
44,42383.08,41,110702.83,0,2.0,1,0,0,0,False,False,False,False,True,False,False,False,True,False,False,False,2.6118964950991033,0,True,False,False
63,14231.94,131,41277.16,4,6.0,1,1,0,0,False,False,False,False,True,False,False,False,False,True,False,False,2.9001148041093407,1,False,False,True
28,36972.69,52,118286.16,0,0.0,1,1,1,0,False,True,False,False,False,False,False,False,False,True,False,False,3.199198132509901,0,True,False,False
44,30314.43,63,121870.44,1,2.0,1,0,0,1,False,True,False,False,False,False,True,False,False,True,False,True,4.0200795436515335,0,False,True,False
25,57173.9,46,202163.18,1,12.0,1,1,0,0,False,False,False,False,False,False,False,True,False,False,False,False,3.535872909266129,0,True,False,False
57,32909.93,123,68075.31,1,2.0,1,0,1,1,False,False,True,False,True,False,False,False,True,False,False,False,2.06847117355845,0,False,False,True
45,55014.65,48,64386.32,3,2.0,1,1,0,1,False,False,False,False,False,False,False,True,True,False,False,False,1.170327352307934,1,True,False,False
36,21755.11,115,119603.46,1,8.0,2,1,0,1,False,False,True,False,False,False,True,False,False,False,True,False,5.497465309745171,0,False,True,False
30,42047.11,105,121859.69,2,1.0,2,1,1,0,False,False,False,False,False,False,True,False,False,True,False,False,2.898101484228423,0,False,True,False
50,38832.8,136,60921.08,2,4.0,3,1,0,1,True,False,False,False,False,False,False,False,False,False,False,True,1.5687643238622024,0,False,False,True
56,24571.43,179,66857.68,1,15.0,1,0,1,0,False,True,False,False,False,False,False,True,False,True,False,False,2.720841202925392,0,False,False,True
71,37128.75,2,109350.89,1,10.0,1,1,1,0,False,False,False,False,False,False,False,False,False,True,True,False,2.9451017041590637,0,False,False,False
42,49550.23,179,47758.71,0,15.0,1,1,0,0,False,False,False,False,False,False,False,False,True,False,False,False,0.9638249141343211,0,False,False,True
27,31114.5,20,66525.97,2,5.0,1,1,0,1,False,False,False,False,False,False,False,False,False,False,False,True,2.1380331346113675,0,False,False,False
65,34983.29,95,89031.67,1,9.0,1,1,1,1,False,False,False,False,False,False,False,False,False,True,False,False,2.544904298472257,0,False,True,False
53,34789.25,62,129817.24,2,3.0,1,0,0,1,False,False,False,False,False,False,False,False,False,True,False,False,3.731425902372073,0,False,True,False
57,24170.92,116,57793.06,2,6.0,1,0,0,0,False,False,False,True,False,False,False,False,False,False,False,True,2.390917229578784,0,False,True,False
23,30891.91,130,2092.7,2,2.0,1,1,0,0,False,True,False,False,False,False,False,True,False,True,False,False,0.06774046213192605,0,False,False,True
35,34020.95,155,1000.0,0,13.0,1,1,0,0,False,False,False,False,False,False,False,False,False,True,False,False,0.02939278906705818,0,False,False,True
61,14532.17,73,28326.41,1,2.0,1,1,0,0,False,True,False,False,False,True,False,False,False,True,False,False,1.9490868131316155,0,False,True,False
65,15612.1,168,25907.45,1,3.0,2,1,1,0,False,False,False,False,False,False,False,True,True,False,False,False,1.659340553765748,0,False,False,True
42,40784.8,59,78042.52,1,7.0,1,0,0,1,False,False,False,True,False,False,False,False,False,False,False,False,1.9134728263268097,0,True,False,False
63,28727.38,37,31500.39,2,6.0,1,0,0,0,False,False,False,False,False,False,False,True,False,False,True,False,1.0964902998359114,0,True,False,False
65,5000.0,69,53376.03,0,5.0,3,1,0,0,False,True,False,False,False,False,True,False,False,False,False,False,10.673071385722855,0,False,True,False
40,44418.13,96,50166.14,1,5.0,1,0,0,1,False,False,False,False,False,False,False,True,False,False,False,True,1.1293814174208274,0,False,True,False
69,38268.44,121,65177.15,1,4.0,1,1,1,0,False,False,False,False,False,True,False,False,False,False,False,False,1.703112196049903,0,False,False,True
34,26433.5,150,144512.69,2,14.0,1,1,1,0,True,False,False,False,False,False,True,False,True,False,False,False,5.466821388715505,0,False,False,True
31,19198.04,41,114787.64,0,9.0,1,1,0,0,False,False,True,False,False,False,True,False,False,False,False,False,5.978821857759554,0,True,False,False
56,45029.69,55,85725.82,1,14.0,1,1,0,0,False,False,True,False,False,False,False,True,False,True,True,False,1.9037198852604746,0,True,False,False
54,39192.21,169,64253.82,1,15.0,2,1,0,0,False,False,False,True,False,False,False,False,False,False,False,False,1.6394120308083977,0,False,False,True
25,63591.23,80,65504.53,0,10.0,2,0,0,0,False,False,False,False,False,False,False,False,False,False,True,False,1.0300712838659691,0,False,True,False
65,40042.26,44,99748.59,0,13.0,2,0,1,0,True,False,False,False,False,False,False,True,True,False,False,True,2.491020711100944,0,True,False,False
29,39652.44,178,111287.61,2,1.0,3,1,1,1,False,False,True,False,False,False,False,True,False,True,False,False,2.806505816393231,0,False,False,True
63,32996.86,81,44157.21,1,15.0,1,0,0,0,False,False,True,False,False,False,False,True,False,False,False,True,1.338184051935489,0,False,True,False
18,44801.31,178,86641.63,1,7.0,2,1,0,0,False,False,False,False,True,False,False,False,True,False,False,False,1.9338652404306833,0,False,False,True
63,42501.02,166,1000.0,3,11.0,1,1,0,0,False,False,False,False,False,False,False,False,False,True,False,False,0.023528293478757012,1,False,False,True
62,50020.7,164,86495.95999999999,0,3.0,1,1,1,1,False,True,False,True,False,False,False,False,False,False,False,False,1.7291687407665073,0,False,False,True
62,28744.12,105,119296.72,3,1.0,2,1,0,0,False,False,True,True,False,False,False,False,False,True,False,False,4.150155574233122,1,False,True,False
55,34983.29,144,72396.91,0,14.0,2,1,0,0,False,False,False,False,False,True,False,False,False,True,False,False,2.0694120132207914,0,False,False,True
44,29250.76,173,166743.71,2,7.0,2,0,1,1,False,True,False,False,True,False,False,False,False,False,False,True,5.700296665910017,0,False,False,True
58,44489.62,49,45344.27,2,2.0,1,0,1,0,False,False,True,False,False,False,False,False,True,False,False,False,1.0191871904684626,0,True,False,False
33,52980.49,7,94784.82,1,10.0,1,1,0,1,False,False,False,False,True,False,False,False,False,True,True,False,1.7890176361593457,0,False,False,False
62,29493.91,58,83387.89,0,0.0,1,0,0,0,False,False,False,False,False,False,True,False,False,True,False,False,2.827195946690463,0,True,False,False
49,29902.72,115,80486.6,0,7.0,1,1,0,0,False,False,True,True,False,False,False,False,True,False,False,False,2.6915246664963424,0,False,True,False
44,38768.93,99,79855.5,3,11.0,2,0,0,1,False,False,False,False,False,False,False,False,False,True,False,False,2.059727732291495,1,False,True,False
46,32050.86,15,89819.73,3,11.0,2,1,0,0,False,False,True,False,False,False,True,False,False,False,False,True,2.802325044474798,1,False,False,False
50,46424.64,101,86495.95999999999,2,7.0,1,1,1,1,False,False,True,False,False,True,False,False,False,False,False,False,1.8631075414361544,0,False,True,False
20,7978.67,32,146998.13,2,5.0,1,0,0,0,False,False,False,False,False,True,False,False,False,False,False,False,18.421580090404742,0,True,False,False
25,25079.54,91,84898.74,1,13.0,1,1,0,0,False,True,False,False,False,False,False,True,False,False,False,False,3.3850443411505493,0,False,True,False
31,25611.0,104,121689.22,2,2.0,1,1,0,1,False,False,False,False,False,True,False,False,False,False,True,False,4.751258004060596,0,False,True,False
24,7155.73,115,86495.95999999999,0,1.0,1,1,0,0,False,False,False,False,False,True,False,False,False,True,False,False,12.085961046455573,0,False,True,False
43,23436.34,75,119468.0,1,2.0,2,1,0,0,False,False,True,False,False,False,False,True,False,False,True,False,5.097336131147989,0,False,True,False
56,24018.13,74,50710.38,1,12.0,1,1,1,1,False,False,True,True,False,False,False,False,False,False,False,False,2.1112496580850344,0,False,True,False
55,32586.74,123,134079.7,1,7.0,3,0,0,1,False,False,False,False,False,False,True,False,False,True,False,False,4.114421558537045,0,False,False,True
44,48355.59,135,184478.84,1,0.0,1,0,0,1,False,False,True,False,False,False,False,False,False,False,False,True,3.8149679288800145,0,False,False,True
66,32059.27,146,86495.95999999999,2,2.0,2,1,1,0,False,True,False,False,False,False,False,True,False,True,True,False,2.697917391213486,0,False,False,True
50,22630.24,61,1000.0,1,0.0,1,1,1,0,True,False,False,False,False,True,False,False,False,True,False,False,0.044186708284654305,0,False,True,False
22,34316.55,77,60336.72,1,13.0,1,0,0,0,True,False,False,False,False,False,False,False,False,False,False,True,1.7581884487674673,0,False,True,False
61,47590.08,60,140434.38,1,7.0,1,0,1,1,False,False,False,False,False,False,False,False,False,False,False,False,2.950855076203356,0,True,False,False
50,23288.49,95,109888.46,1,1.0,1,0,1,0,False,False,False,False,True,False,False,False,False,True,False,False,4.718371248146696,0,False,True,False
54,24073.1,23,96201.11,0,3.0,2,1,0,1,False,False,True,False,False,False,False,True,False,False,False,False,3.9960418042626724,0,False,False,False
50,41702.59,78,130390.08,0,9.0,1,1,0,0,False,False,False,False,True,False,False,False,False,True,False,True,3.1265912598891368,0,False,True,False
49,34983.29,34,106800.4,0,9.0,1,1,0,0,True,False,False,False,False,False,False,False,False,True,False,False,3.0528102756980346,0,True,False,False
23,42769.82,96,139797.63,1,13.0,1,1,0,1,False,False,False,False,False,False,False,False,False,True,False,True,3.268528169438884,0,False,True,False
49,34836.24,154,126374.07,1,0.0,1,1,0,0,False,False,False,False,False,True,False,False,False,False,True,False,3.6275568902702973,0,False,False,True
63,43419.96,178,153476.52,0,1.0,1,1,0,0,False,False,False,False,False,False,False,False,True,False,False,True,3.5346183041554124,0,False,False,True
35,22579.06,81,101145.82,1,0.0,1,0,1,1,False,False,False,False,True,False,False,False,False,False,False,False,4.479430966968201,0,False,True,False
52,34854.98,11,125736.67,3,6.0,1,1,0,0,False,False,False,False,False,False,False,True,True,False,False,False,3.6073198917373714,1,False,False,False
19,32471.72,42,71179.28,0,11.0,1,0,1,1,False,False,True,False,False,False,True,False,True,False,True,False,2.191971599545711,0,True,False,False
37,20409.31,19,57934.26,3,10.0,2,1,0,1,False,False,True,False,False,False,False,False,False,False,False,True,2.8384801602719407,1,False,False,False
42,16238.26,137,161804.54,1,3.0,2,1,0,1,False,False,False,False,False,False,True,False,False,False,False,True,9.963787758801818,0,False,False,True
74,43228.99,178,94729.21,0,10.0,1,0,0,0,False,False,False,False,True,False,False,False,False,False,False,False,2.1912845688837774,0,False,False,True
30,30788.57,100,121219.63,1,10.0,1,0,0,1,True,False,False,True,False,False,False,False,True,False,False,False,3.937035496111183,0,False,True,False
33,22732.64,32,90568.3,1,3.0,2,1,0,1,False,False,False,False,False,False,True,False,False,False,False,False,3.98388907363713,0,True,False,False
41,33845.85,4,58606.8,1,11.0,1,0,0,0,False,False,False,False,False,False,False,True,True,False,True,False,1.7315289310526683,0,False,False,False
74,48536.23,176,85494.23,1,6.0,3,1,1,0,False,False,False,False,False,True,False,False,False,True,False,True,1.7614155154713194,0,False,False,True
66,7631.15,57,149619.73,1,0.0,1,1,0,1,False,False,True,False,False,False,False,False,False,True,True,False,19.603877020236762,0,True,False,False
19,17040.34,21,109985.8,1,6.0,1,0,1,1,False,True,False,True,False,False,False,False,False,True,False,True,6.454058190259686,0,False,False,False
31,23925.36,32,7983.71,0,12.0,1,0,0,1,False,False,True,False,False,False,False,False,False,False,False,True,0.3336784199518857,0,True,False,False
64,52534.15,46,206440.68124999997,0,11.0,1,1,0,0,False,True,False,True,False,False,False,False,False,False,True,False,3.92957251002424,0,True,False,False
21,38391.04,119,165203.22,0,4.0,1,0,0,1,False,True,False,False,False,False,False,False,True,False,False,False,4.303059175808318,0,False,True,False
66,44207.81,161,75379.14,0,12.0,1,0,1,1,False,False,False,False,True,False,False,False,False,False,False,True,1.7050705504174395,0,False,False,True
34,21318.07,50,86495.95999999999,2,6.0,1,0,0,0,False,False,False,True,False,False,False,False,True,False,False,True,4.057210750750384,0,True,False,False
70,21565.57,124,170187.2,1,7.0,2,1,0,1,False,False,False,True,False,False,False,False,True,False,False,False,7.891250208076667,0,False,False,True
34,40373.76,12,115707.66,0,1.0,1,1,1,0,False,False,False,True,False,False,False,False,False,False,True,False,2.8658414316270857,0,False,False,False
42,35699.29,2,81849.42,1,15.0,1,1,0,0,False,False,False,False,True,False,False,False,False,True,True,False,2.2926822163069263,0,False,False,False
55,41584.87,10,68286.2,0,13.0,1,0,0,0,False,False,False,True,False,False,False,False,False,False,False,True,1.6420529376925381,0,False,False,False
25,34983.29,167,133705.84,4,7.0,1,1,1,0,False,False,False,False,False,False,False,False,False,True,False,False,3.821882336328678,1,False,False,True
49,38337.72,105,60610.75,0,8.0,1,0,0,0,False,False,False,True,False,False,False,False,True,False,False,False,1.5809278452697428,0,False,True,False
46,36897.43,145,136671.54,1,12.0,1,1,0,1,False,False,True,True,False,False,False,False,True,False,False,False,3.703993367739495,0,False,False,True
62,44333.21,4,109398.79,0,8.0,1,0,1,0,False,False,True,False,False,False,True,False,True,False,False,False,2.467593084437503,0,False,False,False
74,44684.1,5,96010.69,0,3.0,1,0,0,0,False,True,False,False,False,False,False,False,False,False,True,False,2.1486063587191255,0,False,False,False
55,34983.29,153,91548.17,1,15.0,1,0,1,0,False,False,False,False,False,False,True,False,False,True,False,False,2.616836585793223,0,False,False,True
41,8032.78,19,77126.44,0,7.0,1,0,0,0,False,False,False,False,False,False,True,False,False,False,False,True,9.60026786892347,0,False,False,False
41,47020.94,28,132053.81,1,5.0,2,0,0,1,False,True,False,False,False,False,False,True,True,False,False,False,2.8083445727675205,0,True,False,False
41,49252.7,94,46059.57,1,5.0,1,1,0,0,False,False,True,False,False,False,False,False,False,False,True,False,0.935149440549644,0,False,True,False
64,22752.52,110,12013.37,1,14.0,1,0,0,0,False,False,True,False,False,False,False,True,False,False,False,True,0.5279785281574016,0,False,True,False
36,12681.98,42,112649.81,1,8.0,3,0,0,1,False,False,False,False,False,True,False,False,False,False,False,False,8.881967014061365,0,True,False,False
27,36188.42,81,113405.72,0,11.0,1,1,0,1,False,False,False,False,False,False,True,False,False,False,False,False,3.133670558964471,0,False,True,False
37,46170.06,122,106610.85,1,14.0,1,1,0,0,False,True,False,False,True,False,False,False,False,False,False,True,2.309040554841063,0,False,False,True
19,56571.13,80,103347.78,0,14.0,2,0,0,1,False,False,True,False,False,True,False,False,False,False,False,False,1.8268320460976104,0,False,True,False
24,41195.57,69,70575.68,1,13.0,1,1,0,0,False,False,True,False,False,False,True,False,True,False,False,True,1.7131445651907427,0,False,True,False
23,30539.4,13,86495.95999999999,2,14.0,2,1,1,1,False,False,False,False,False,False,True,False,False,True,False,True,2.8321816348181423,0,False,False,False
61,24282.43,82,82949.88,1,15.0,1,1,1,0,False,False,False,False,False,False,False,True,False,False,False,False,3.415904590084679,0,False,True,False
59,35137.42,145,63079.89,1,15.0,3,1,0,0,False,False,False,False,False,False,True,False,True,False,False,False,1.7951828795944724,0,False,False,True
57,31408.82,113,70964.89,0,10.0,3,1,0,0,True,False,False,False,False,False,True,False,False,False,False,False,2.2593217662501726,0,False,True,False
44,22819.19,161,175928.79,1,2.0,1,1,0,1,False,False,False,False,False,False,True,False,False,True,False,False,7.709348169318486,0,False,False,True
58,59585.07,23,6926.08,4,1.0,2,0,0,0,False,False,False,False,False,False,False,True,False,False,False,False,0.11623656334441926,1,False,False,False
27,56422.02,2,107490.46,2,12.0,1,1,0,0,False,False,False,True,False,False,False,False,False,True,False,False,1.9050816492984604,0,False,False,False
69,48632.58,99,9440.03,2,5.0,1,1,0,0,False,False,False,True,False,False,False,False,False,False,False,True,0.19410518411352815,0,False,True,False
46,23949.8,33,80129.5,1,12.0,1,0,0,1,False,False,False,False,False,True,False,False,False,False,False,False,3.3455876212903117,0,True,False,False
71,45260.23,107,206440.68124999997,2,14.0,1,0,0,1,False,False,False,True,False,False,False,False,False,True,False,True,4.561093042544358,0,False,True,False
26,42675.52,163,1000.0,2,10.0,1,1,1,0,False,False,True,False,False,False,False,True,False,True,False,False,0.023432088652026926,0,False,False,True
46,40310.55,61,102506.69,2,12.0,1,1,0,0,True,False,False,False,False,False,False,False,False,True,False,False,2.542861537202117,0,False,True,False
57,49995.98,99,67898.29,0,4.0,1,0,1,0,False,False,True,False,False,True,False,False,False,False,True,False,1.3580478260886955,0,False,True,False
46,42624.45,123,86495.95999999999,0,6.0,1,0,0,0,False,True,False,False,False,False,True,False,False,True,False,False,2.029209310400242,0,False,False,True
43,43880.17,28,122780.56,1,15.0,2,1,0,1,False,False,False,False,False,True,False,False,False,True,False,False,2.7980238448519037,0,True,False,False
27,42642.88,162,149575.28,3,13.0,1,1,0,0,False,True,False,True,False,False,False,False,False,False,True,False,3.507543872649487,1,False,False,True
39,39089.5,37,152055.6,2,3.0,2,0,0,1,False,True,False,False,False,False,False,False,False,False,False,True,3.8898351261815534,0,True,False,False
31,13596.67,146,101153.04,3,14.0,2,0,0,1,False,False,False,False,False,False,False,True,False,False,False,False,7.438998004805234,1,False,False,True
35,36003.45,119,87072.62,1,7.0,2,1,1,0,False,False,True,False,False,True,False,False,False,False,False,False,2.41838494963817,0,False,True,False
56,28325.7,26,144767.05,1,13.0,1,0,0,1,False,False,False,False,False,True,False,False,False,False,False,True,5.1106217808639895,0,True,False,False
53,19641.91,131,160707.26,1,8.0,2,0,1,0,False,False,False,False,False,False,True,False,False,False,False,False,8.181438493583691,0,False,False,True
52,55181.8,36,136010.59,2,9.0,2,0,0,0,False,False,False,True,False,False,False,False,False,True,False,False,2.4647279587117725,0,True,False,False
38,55747.94,108,42630.81,1,2.0,2,0,0,0,False,False,False,False,False,False,False,True,False,True,False,False,0.764692745727542,0,False,True,False
72,51310.65,173,94060.52,1,5.0,2,0,0,0,False,True,False,False,True,False,False,False,True,False,True,False,1.8331221077474609,0,False,False,True
22,38062.56,172,104778.23,0,7.0,1,1,0,0,False,False,False,False,True,False,False,False,False,True,False,False,2.752717559786841,0,False,False,True
37,51207.5,157,3567.24,1,13.0,1,1,0,0,False,False,True,False,False,True,False,False,False,False,False,False,0.06966109142036966,0,False,False,True
24,35144.64,89,106121.23,1,1.0,2,0,0,0,False,False,False,False,False,False,False,False,True,False,False,False,3.0194706939466744,0,False,True,False
37,37433.57,101,187284.63,1,1.0,1,0,1,0,False,False,False,False,True,False,False,False,False,True,False,False,5.002986009990231,0,False,True,False
72,21878.34,55,113797.13,0,11.0,2,1,0,0,False,False,False,False,False,False,False,True,False,True,True,False,5.201122611559581,0,True,False,False
38,39763.9,166,151303.59,1,7.0,1,1,0,0,False,False,False,False,False,False,False,True,False,False,False,True,3.804953363393344,0,False,False,True
69,64526.87375,86,93231.16,2,13.0,1,0,0,1,False,False,True,False,True,False,False,False,False,True,False,False,1.4448199604593357,0,False,True,False
46,19368.17,139,81705.18,1,1.0,1,0,0,0,False,True,False,False,False,False,False,False,False,True,False,False,4.218310851729837,0,False,False,True
57,34385.63,65,102157.21,0,5.0,1,1,1,1,False,False,False,False,False,False,False,False,False,True,False,True,2.9708409925601904,0,False,True,False
44,34043.25,134,48287.8,0,0.0,3,1,1,0,False,True,False,False,False,True,False,False,True,False,False,False,1.418383427451038,0,False,False,True
33,56570.73,41,41630.12,2,11.0,1,1,0,0,False,False,True,False,False,False,False,True,True,False,False,False,0.7358820386083297,0,True,False,False
61,45730.56,133,141983.71,0,13.0,1,0,1,1,False,False,True,False,True,False,False,False,True,False,False,False,3.1047204600061753,0,False,False,True
73,35137.35,9,146755.41,1,2.0,1,0,0,1,False,False,False,False,False,False,False,True,False,True,False,True,4.176502596166297,0,False,False,False
33,37985.45,19,40400.22,3,5.0,3,1,0,0,False,False,False,True,False,False,False,False,True,False,True,False,1.0635429212258583,1,False,False,False
62,35530.55,64,128559.95,2,13.0,1,1,1,1,False,True,False,False,True,False,False,False,True,False,True,False,3.618191438313273,0,False,True,False
32,32565.03,87,81086.8,1,7.0,1,0,0,1,False,False,True,True,False,False,False,False,False,False,False,True,2.489919710815227,0,False,True,False
58,22010.87,129,100291.39,3,15.0,1,1,0,0,False,False,False,False,True,False,False,False,False,True,True,False,4.556241246200345,1,False,False,True
62,33187.38,65,105709.84,1,14.0,1,0,0,0,True,False,False,False,False,False,False,True,False,False,False,False,3.185146126445461,0,False,True,False
43,26046.82,4,129745.77,2,2.0,3,1,0,1,False,False,False,False,False,False,False,False,False,False,False,False,4.981060603152202,0,False,False,False
60,19996.21,59,88722.32,0,2.0,3,1,0,0,True,False,False,False,False,True,False,False,False,False,False,False,4.436734924521971,0,True,False,False
33,41134.66,80,148457.29,2,11.0,1,1,0,1,False,False,False,True,False,False,False,False,False,True,False,True,3.608968228539423,0,False,True,False
22,39695.18,98,98923.58,4,0.0,1,1,0,1,False,True,False,True,False,False,False,False,False,False,False,True,2.4920176198314294,1,False,True,False
23,13559.51,116,113088.29,1,8.0,1,0,0,0,False,False,False,True,False,False,False,False,False,False,True,False,8.33953074036301,0,False,True,False
43,33527.78,45,47503.18,1,1.0,1,0,0,0,False,False,False,False,False,True,False,False,False,False,False,False,1.4167882040444062,0,True,False,False
69,46948.42,110,182139.66,4,8.0,1,1,1,0,False,False,True,False,False,False,True,False,False,True,False,False,3.8794869031395915,1,False,True,False
25,47710.68,114,106142.12,1,5.0,1,1,1,0,False,False,False,False,False,False,False,False,True,False,False,False,2.224656939349023,0,False,True,False
43,47310.04,140,117084.88,0,11.0,1,0,0,0,False,True,False,False,False,True,False,False,True,False,False,True,2.4747898164994893,0,False,False,True
58,35466.96,94,12631.64,3,14.0,2,0,0,1,False,False,True,False,False,False,True,False,False,False,False,False,0.35614227601474685,1,False,True,False
29,24859.46,146,47978.41,1,7.0,1,1,1,0,False,False,False,False,False,False,False,True,False,False,False,False,1.9299083765948017,0,False,False,True
59,21995.61,40,140704.77,0,7.0,1,1,1,0,False,False,False,False,False,False,False,True,True,False,False,True,6.3966570303333095,0,True,False,False
35,39135.26,129,97910.1,1,9.0,1,0,0,1,False,True,False,True,False,False,False,False,False,False,False,True,2.5017745691591378,0,False,False,True
64,39551.36,9,1000.0,0,15.0,1,1,0,0,False,False,True,False,True,False,False,False,True,False,True,False,0.025282941397175795,0,False,False,False
51,34983.29,19,131723.05,0,3.0,1,0,0,0,False,True,False,False,True,False,False,False,False,True,False,False,3.765205753782626,0,False,False,False
49,48199.76,156,60529.77,1,3.0,1,1,1,0,False,False,False,False,True,False,False,False,False,True,False,False,1.255784556094136,0,False,False,True
28,33413.26,86,148509.26,1,6.0,1,1,0,1,False,True,False,False,False,False,False,True,False,False,True,False,4.444487473312292,0,False,True,False
44,20069.53,112,81047.39,1,11.0,2,0,0,0,False,False,False,False,False,False,False,True,False,False,False,False,4.0381290379476775,0,False,True,False
66,31170.72,109,94211.8,1,13.0,2,1,0,0,False,False,True,False,False,False,False,True,False,True,False,True,3.02234846200338,0,False,True,False
19,34983.29,126,138052.96,0,4.0,2,1,1,0,False,False,False,False,False,False,True,False,False,False,True,False,3.946141539531029,0,False,False,True
61,32575.0,45,44612.82,1,1.0,1,1,0,0,False,False,False,False,False,False,True,False,True,False,True,False,1.3694996316306483,0,True,False,False
46,28065.27,33,40321.89,1,9.0,1,0,0,0,False,True,False,False,False,False,False,False,False,True,False,False,1.4366672165556733,0,True,False,False
59,38034.62,8,76157.57,1,9.0,1,0,0,0,False,False,False,False,True,False,False,False,False,False,False,False,2.0022697145465225,0,False,False,False
55,28952.51,156,122222.78,2,5.0,1,1,0,0,False,False,False,False,False,True,False,False,False,False,True,False,4.221345874817941,0,False,False,True
42,27463.21,41,25110.52,0,2.0,3,1,0,0,False,True,False,False,True,False,False,False,False,True,False,False,0.9142997377313966,0,True,False,False
35,38737.43,104,9938.44,0,13.0,3,1,1,0,False,False,False,False,False,True,False,False,False,False,False,True,0.2565524725705198,0,False,True,False
53,30176.09,82,122067.44,1,13.0,1,1,0,0,False,False,False,False,False,False,False,False,False,True,False,False,4.045036814351549,0,False,True,False
25,37929.25,30,57865.98,4,11.0,1,1,0,0,False,False,False,True,False,False,False,False,False,True,False,False,1.5255892065040437,1,True,False,False
51,38278.45,75,67349.83,2,9.0,1,1,1,0,False,False,False,False,False,True,False,False,True,False,True,False,1.7594252268514832,0,False,True,False
23,21326.85,15,1443.53,4,4.0,1,1,1,0,False,False,False,False,False,False,False,False,False,False,False,False,0.06768286536148745,1,False,False,False
55,29225.11,32,54445.93,3,6.0,3,0,0,0,False,False,False,False,False,True,False,False,False,False,False,True,1.8629208608330017,1,True,False,False
53,52253.32,26,84659.47,0,1.0,1,1,0,0,False,False,False,False,True,False,False,False,True,False,False,False,1.6201429853072435,0,True,False,False
22,21055.05,149,126867.0,0,3.0,1,0,0,0,True,False,False,False,False,False,True,False,False,True,False,False,6.02520415747493,0,False,False,True
61,34983.29,103,50294.64,0,7.0,1,0,1,0,False,False,False,False,False,False,False,False,False,True,False,False,1.43763500702744,0,False,True,False
41,12657.86,167,159581.93,1,6.0,1,1,1,0,False,False,True,True,False,False,False,False,False,True,False,False,12.606342909235112,0,False,False,True
62,35349.32,79,54194.98,3,1.0,1,1,1,0,False,False,False,False,False,True,False,False,True,False,False,False,1.5330831517225305,1,False,True,False
20,35371.01,37,54260.87,1,15.0,2,1,0,0,True,False,False,False,False,False,False,False,False,False,False,True,1.5340058424726217,0,True,False,False
28,33588.67,110,154181.09,1,4.0,1,1,0,0,False,False,False,False,False,False,True,False,False,False,False,False,4.590134109683126,0,False,True,False
46,49570.28,168,94515.71,0,8.0,1,0,0,0,True,False,False,True,False,False,False,False,True,False,False,False,1.9066626885567612,0,False,False,True
28,5000.0,96,60158.89,0,7.0,1,0,0,0,False,False,True,False,False,False,False,True,False,False,True,False,12.029372125574884,0,False,True,False
36,39751.21,4,78019.01,1,7.0,1,0,1,0,False,False,False,False,True,False,False,False,True,False,False,False,1.9626332724646,0,False,False,False
55,53737.26,55,145888.31,3,13.0,1,1,0,1,False,False,False,False,False,False,True,False,False,False,False,False,2.714794077813461,1,True,False,False
26,21466.63,167,150979.13,0,11.0,1,1,0,0,False,False,False,True,False,False,False,False,False,False,False,True,7.0328736800475875,0,False,False,True
56,30442.32,94,48244.31,1,13.0,1,1,0,0,False,True,False,True,False,False,False,False,False,False,False,False,1.5847256475312153,0,False,True,False
23,25965.3,172,83090.48,1,6.0,1,0,1,0,False,False,True,True,False,False,False,False,True,False,False,True,3.1999353007552096,0,False,False,True
27,24267.85,92,89057.06,1,4.0,2,1,0,0,False,True,False,False,True,False,False,False,False,True,False,False,3.6696036276955852,0,False,True,False
51,31084.86,3,40619.2,1,6.0,1,1,1,0,False,True,False,False,False,True,False,False,False,False,False,False,1.3066776984777,0,False,False,False
63,52129.82,158,82494.17,1,7.0,3,0,1,0,False,False,False,False,True,False,False,False,False,False,False,True,1.5824452790115329,0,False,False,True
27,57048.64,138,85239.53,2,5.0,1,1,1,0,True,False,False,False,False,True,False,False,False,False,False,False,1.494129147878935,0,False,False,True
35,30968.73,129,136309.43,0,7.0,1,1,1,0,False,False,False,True,False,False,False,False,False,False,False,False,4.401376117906097,0,False,False,True
70,57860.72,175,139334.13,1,2.0,1,0,1,0,False,False,False,False,False,False,False,False,False,True,False,True,2.408053718416943,0,False,False,True
74,35426.92,36,70185.58,0,9.0,1,1,0,1,False,False,False,False,False,False,True,False,False,False,False,True,1.981081023102683,0,True,False,False
51,56044.29,164,75372.11,2,11.0,1,1,1,0,False,True,False,False,False,True,False,False,False,False,False,False,1.344842894023744,0,False,False,True
43,33880.42,42,86495.95999999999,1,8.0,1,1,0,0,False,False,True,False,True,False,False,False,False,False,False,False,2.5529024462374954,0,True,False,False
37,36572.69,175,58666.52,1,7.0,2,1,0,0,False,False,False,False,False,False,False,True,False,True,False,False,1.6040634674816785,0,False,False,True
52,39385.69,35,111488.81,2,15.0,1,0,0,1,False,False,False,False,False,False,True,False,False,True,False,True,2.8306214612093576,0,True,False,False
51,64526.87375,100,81044.21,0,14.0,1,1,0,1,False,False,False,False,False,False,False,False,False,True,False,False,1.2559566167326257,0,False,True,False
34,45215.43,143,41377.06,2,1.0,3,0,0,0,True,False,False,False,False,True,False,False,False,True,False,False,0.9150890505951044,0,False,False,True
19,26512.83,15,41942.35,3,14.0,1,1,1,0,False,True,False,True,False,False,False,False,True,False,False,False,1.5819046135545107,1,False,False,False
26,46627.97,13,150117.64,2,5.0,3,1,0,0,False,False,False,False,False,False,False,False,False,True,True,False,3.219407162542943,0,False,False,False
72,30658.01,153,77961.03,1,7.0,2,1,0,0,False,False,False,False,False,False,True,False,True,False,False,False,2.542842381407619,0,False,False,True
41,29123.0,11,158815.93,0,6.0,2,1,0,0,False,False,True,True,False,False,False,False,False,True,True,False,5.453094698530421,0,False,False,False
45,45903.22,111,61886.37,1,7.0,2,0,0,0,False,False,False,False,False,False,False,False,False,False,True,False,1.3481629793513539,0,False,True,False
44,35373.03,169,98104.23,0,14.0,1,0,0,0,False,False,False,False,False,False,True,False,True,False,False,False,2.773340498665264,0,False,False,True
62,38342.91,111,192670.45,0,10.0,1,0,0,1,False,False,False,True,False,False,False,False,False,True,False,False,5.02479924452149,0,False,True,False
21,35167.82,87,37417.6,2,15.0,2,1,0,0,False,False,False,True,False,False,False,False,False,True,False,False,1.0639424353731515,0,False,True,False
22,39039.0,76,1000.0,0,15.0,2,0,0,0,False,False,False,False,False,False,True,False,False,False,False,False,0.025614754098360656,0,False,True,False
33,40099.59,115,86495.95999999999,2,6.0,1,1,0,1,False,True,False,False,True,False,False,False,False,False,False,False,2.156974747753088,0,False,True,False
45,11756.4,103,47793.59,2,11.0,1,0,0,1,False,False,False,False,True,False,False,False,True,False,False,False,4.06497950227091,0,False,True,False
56,42998.87,91,84068.21,2,8.0,1,0,0,0,False,False,False,False,False,False,False,True,False,False,False,False,1.9550805618714662,0,False,True,False
45,23215.77,28,58633.68,2,7.0,1,1,0,1,False,False,False,False,False,False,True,False,False,False,True,False,2.5254882569797608,0,True,False,False
43,17692.41,120,97067.33,3,11.0,1,0,0,0,False,True,False,False,False,False,False,True,False,False,False,False,5.486072498178701,1,False,True,False
71,34299.07,134,42225.87,1,11.0,2,0,1,0,False,False,False,False,False,True,False,False,False,True,True,False,1.2310724147210197,0,False,False,True
27,36007.77,128,76902.7,0,14.0,2,0,1,1,False,False,False,False,True,False,False,False,True,False,False,False,2.1356658391830656,0,False,False,True
50,26677.93,14,105241.69,2,12.0,1,1,0,0,False,False,True,True,False,False,False,False,False,True,False,False,3.9447492834232856,0,False,False,False
48,44972.38,127,39626.1,1,9.0,1,1,1,0,False,False,False,False,True,False,False,False,True,False,False,False,0.8811012203218882,0,False,False,True
44,18893.9,132,53496.22,1,14.0,1,1,0,0,False,False,True,False,True,False,False,False,False,False,False,False,2.8312518192739837,0,False,False,True
64,30116.68,34,69367.77,0,1.0,1,1,0,0,False,False,False,False,False,True,False,False,False,False,False,False,2.3032242191297603,0,True,False,False
33,27981.51,153,20703.31,1,12.0,1,0,0,0,False,False,False,False,False,False,False,True,False,False,False,False,0.7398660806339389,0,False,False,True
72,34440.95,95,65984.76,1,6.0,1,1,0,0,False,False,False,True,False,False,False,False,False,False,True,False,1.9158253234790714,0,False,True,False
36,38346.37,86,90345.84,2,6.0,1,0,0,1,False,False,False,False,False,False,False,True,False,True,False,True,2.3559852996437565,0,False,True,False
49,22905.28,131,67020.3,0,12.0,1,0,0,0,False,False,False,False,False,False,False,False,False,False,False,False,2.925848282654364,0,False,False,True
47,43691.39,92,72788.06,0,4.0,1,0,1,0,False,False,False,False,False,True,False,False,False,False,True,False,1.6659207701844645,0,False,True,False
66,35756.03,99,84104.42,2,14.0,1,1,0,0,False,False,False,False,False,True,False,False,True,False,False,False,2.3521086622686505,0,False,True,False
43,12296.64,57,55491.54,1,7.0,1,1,1,0,True,False,False,False,False,True,False,False,False,True,True,False,4.512373105734109,0,True,False,False
34,11496.9,168,116097.82,2,5.0,1,0,0,1,False,False,False,False,False,False,False,False,False,False,False,False,10.097306464658764,0,False,False,True
19,34852.17,175,149619.02,2,5.0,1,1,0,0,False,False,True,True,False,False,False,False,False,True,True,False,4.29283821242085,0,False,False,True
38,32348.39,24,64102.88,0,6.0,1,1,0,0,False,False,True,False,False,False,True,False,False,True,False,False,1.9815792507988559,0,False,False,False
65,64526.87375,132,106833.92,0,15.0,1,0,0,0,False,False,False,False,False,False,False,False,True,False,False,True,1.6556243649667752,0,False,False,True
18,34664.21,5,74217.23,1,1.0,1,1,0,0,False,True,False,False,False,False,True,False,False,True,True,False,2.140971596594972,0,False,False,False
69,37706.72,67,101446.93,3,8.0,3,0,0,1,False,True,False,False,False,False,True,False,False,False,False,False,2.6903490850149514,1,False,True,False
48,46371.8,175,155460.08,0,13.0,1,1,0,0,False,False,False,False,False,False,True,False,False,False,False,False,3.3523979574233165,0,False,False,True
25,21666.74,32,107889.68,1,7.0,1,1,0,0,False,False,False,False,False,False,False,True,False,False,False,True,4.979277026584221,0,True,False,False
35,20936.34,68,5196.35,4,9.0,1,0,1,0,False,False,False,False,False,True,False,False,False,True,False,False,0.24818577718086443,1,False,True,False
49,21880.11,40,105429.8,2,5.0,2,1,0,0,False,False,False,False,False,False,False,False,False,True,False,False,4.818302179368414,0,True,False,False
35,38467.0,132,140478.87,0,2.0,2,0,1,1,False,False,False,True,False,False,False,False,False,True,True,False,3.6518371113652903,0,False,False,True
24,49939.37,84,75028.17,0,10.0,1,0,0,1,False,True,False,False,False,False,False,False,False,True,False,False,1.5023551087026386,0,False,True,False
55,29823.93,107,129803.57,1,14.0,1,1,0,0,False,True,False,False,False,False,False,False,False,False,False,False,4.352183559190248,0,False,True,False
56,5000.0,170,53944.8,3,8.0,1,1,1,0,False,False,False,False,True,False,False,False,False,False,False,False,10.786802639472107,1,False,False,True
24,14552.09,94,18150.74,1,6.0,1,1,0,0,False,False,False,True,False,False,False,False,False,False,True,False,1.247208668399632,0,False,True,False
34,25003.56,133,91352.61,2,2.0,1,0,1,0,False,False,False,False,True,False,False,False,False,False,False,False,3.6534380129064457,0,False,False,True
31,28307.25,18,5958.55,0,15.0,1,0,1,0,False,False,False,False,True,False,False,False,False,True,False,False,0.21048810859025197,0,False,False,False
55,30099.34,39,74210.3,0,13.0,3,1,1,0,False,False,False,True,False,False,False,False,True,False,False,False,2.4654306230427965,0,True,False,False
59,35462.97,171,142907.9,2,14.0,2,1,1,0,False,True,False,False,False,False,False,True,False,False,False,False,4.029664473548787,0,False,False,True
59,31259.04,155,1000.0,0,5.0,1,1,0,0,False,False,False,False,True,False,False,False,False,True,False,True,0.031989722342005956,0,False,False,True
71,47592.08,119,27422.64,1,10.0,3,1,0,0,False,False,False,False,False,False,False,False,False,False,False,True,0.5761896477387048,0,False,True,False
61,26887.79,69,38558.55,4,6.0,1,1,0,0,False,False,True,False,False,False,False,True,False,True,False,False,1.4340009349621163,1,False,True,False
36,24652.18,36,82150.61,1,3.0,1,1,0,1,False,False,True,False,True,False,False,False,False,False,False,False,3.332252066467693,0,True,False,False
24,40746.51,154,68542.74,0,3.0,2,0,0,0,True,False,False,False,False,True,False,False,False,True,True,False,1.682133215011175,0,False,False,True
53,16572.3,142,147961.14,1,6.0,1,1,0,0,False,False,False,False,False,True,False,False,False,False,False,True,8.927681270477214,0,False,False,True
70,39676.3,44,127945.67,3,8.0,1,1,0,0,False,False,False,False,True,False,False,False,False,False,False,False,3.2246566676663986,1,True,False,False
73,36230.64,107,107287.28,2,7.0,1,0,1,0,False,False,True,False,False,False,False,True,False,True,False,False,2.9611488742988175,0,False,True,False
31,33230.69,112,91553.36,3,11.0,1,0,0,1,False,False,False,False,False,False,True,False,False,False,False,False,2.755001626459563,1,False,True,False
31,54059.31,86,102695.34,0,7.0,1,1,0,0,False,False,True,False,False,True,False,False,False,True,False,False,1.8996439347092164,0,False,True,False
20,27533.51,167,46210.79,1,14.0,1,0,1,1,False,False,False,False,False,False,False,False,False,False,False,True,1.6782862669428293,0,False,False,True
26,59723.58,23,123574.47,0,4.0,1,1,0,0,False,False,True,False,False,False,True,False,True,False,False,True,2.069072231232099,0,False,False,False
49,32294.82,47,34958.01,1,0.0,1,0,0,0,True,False,False,False,False,False,False,True,False,False,False,False,1.0824314106283723,0,True,False,False
49,19675.8,18,122591.96,0,4.0,1,1,0,0,False,False,False,False,False,False,False,False,False,True,False,False,6.230279313709547,0,False,False,False
39,35839.03,125,138376.41,1,15.0,1,0,0,0,False,False,False,False,False,False,False,False,True,False,False,True,3.860945707913749,0,False,False,True
35,22085.06,116,94488.91,1,5.0,1,1,0,0,True,False,False,True,False,False,False,False,False,True,False,False,4.278214855886473,0,False,True,False
65,25978.93,178,77070.41,1,11.0,1,1,0,0,False,False,False,False,False,False,False,True,False,False,False,False,2.966536476426226,0,False,False,True
44,39764.4,98,103013.95,1,7.0,1,0,0,1,False,False,True,False,False,False,False,False,False,True,False,False,2.5905422804749856,0,False,True,False
64,41666.99,28,1000.0,1,4.0,2,1,1,0,False,False,True,False,False,False,True,False,False,False,False,False,0.023999237784207976,0,True,False,False
72,27533.99,82,98601.62,0,10.0,1,1,0,0,False,False,False,False,False,False,False,True,False,True,False,False,3.580957174852796,0,False,True,False
36,46848.86,16,79899.07,3,3.0,2,0,0,1,True,False,False,False,True,False,False,False,False,False,False,False,1.705428148557968,1,False,False,False
29,48890.09,121,86495.95999999999,0,5.0,2,1,0,0,False,False,False,True,False,False,False,False,False,True,False,True,1.7691558932312614,0,False,False,True
72,52235.62,122,116793.96,2,4.0,1,0,0,0,False,False,True,False,True,False,False,False,True,False,False,True,2.2358636527401656,0,False,False,True
54,41352.96,155,81635.4,2,10.0,2,0,0,0,False,False,False,False,False,True,False,False,False,False,False,False,1.9740648779463925,0,False,False,True
34,51361.14,62,33690.69,1,14.0,2,1,0,0,False,False,False,False,False,False,False,False,False,False,False,False,0.6559440475026936,0,False,True,False
53,12430.42,56,78636.88,0,4.0,1,1,1,0,False,False,False,False,False,True,False,False,False,False,False,False,6.325655476204649,0,True,False,False
47,31185.12,13,88040.0,1,4.0,1,0,1,1,False,True,False,False,False,False,False,False,False,True,False,False,2.8230507674568046,0,False,False,False
69,24595.94,75,90172.03,3,13.0,2,1,1,0,False,True,False,False,True,False,False,False,False,False,False,False,3.665985687650578,1,False,True,False
32,36430.71,86,92286.37,0,7.0,3,0,0,0,True,False,False,True,False,False,False,False,False,True,False,True,2.533133086533682,0,False,True,False
74,28142.61,136,131771.61,1,8.0,1,1,1,0,False,False,False,False,False,True,False,False,False,True,True,False,4.682114696728671,0,False,False,True
71,33006.11,136,36128.45,3,11.0,2,1,0,0,False,False,False,False,True,False,False,False,True,False,False,False,1.094565685999168,1,False,False,True
28,57586.1,26,92906.52,1,2.0,2,1,0,0,True,False,False,False,True,False,False,False,False,False,False,True,1.6133217335132348,0,True,False,False
27,32963.36,52,143046.84,1,13.0,2,1,0,1,False,False,True,False,False,False,False,True,False,False,False,True,4.3394393217402065,0,True,False,False
48,39965.51,93,6942.48,0,5.0,3,0,0,0,False,False,False,True,False,False,False,False,False,False,False,False,0.1737074365512525,0,False,True,False
20,32212.77,61,93084.1,2,10.0,1,1,0,1,False,True,False,False,False,False,False,True,False,True,False,False,2.8895748619301624,0,False,True,False
35,35908.56,5,58657.97,0,6.0,1,0,0,0,False,False,False,False,True,False,False,False,False,False,False,False,1.6334917498292936,0,False,False,False
42,35072.2,153,68318.03,1,12.0,1,0,1,0,False,False,False,False,False,True,False,False,False,False,False,False,1.9478698835578163,0,False,False,True
73,40379.89,132,44283.66,0,9.0,1,1,0,0,False,True,False,False,False,False,False,False,False,False,False,False,1.096648934681727,0,False,False,True
74,48983.69,94,77370.22,1,2.0,1,1,1,0,False,False,False,False,False,False,False,True,False,True,False,False,1.5794775877932472,0,False,True,False
26,54768.73,58,167856.5,1,3.0,2,0,0,0,False,False,False,False,False,False,False,False,True,False,False,False,3.064767710193203,0,True,False,False
68,38715.44,152,28100.63,0,14.0,2,0,0,0,False,False,True,False,True,False,False,False,False,False,False,False,0.7258061433334263,0,False,False,True
23,42074.56,7,32367.55,0,8.0,1,1,1,0,False,True,False,False,True,False,False,False,False,False,False,False,0.7692719954291756,0,False,False,False
60,21189.63,81,26412.94,0,4.0,1,1,1,0,False,False,False,False,False,False,False,True,False,False,False,False,1.2464443010896795,0,False,True,False
66,33945.48,145,162733.82,0,2.0,1,0,0,1,True,False,False,False,False,False,False,True,False,False,False,False,4.793834883616799,0,False,False,True
68,46283.47,172,64194.71,1,7.0,1,1,0,0,False,False,False,False,False,False,True,False,True,False,False,False,1.3869600321662967,0,False,False,True
30,45391.62,46,83846.24,2,14.0,1,0,0,1,False,False,False,False,True,False,False,False,False,True,False,False,1.847133741123557,0,True,False,False
68,37539.32,118,66874.77,2,15.0,1,1,1,0,False,False,False,False,False,True,False,False,False,True,False,True,1.7814118260046798,0,False,True,False
24,45636.73,35,42500.97,0,6.0,1,0,1,0,False,False,False,False,True,False,False,False,True,False,False,False,0.9312682729837789,0,True,False,False
47,40889.2,21,74418.22,1,3.0,2,1,0,0,False,False,False,False,False,False,True,False,False,True,False,False,1.8199524580461823,0,False,False,False
44,49403.68,64,195620.96,1,6.0,1,0,0,0,False,False,False,False,False,False,False,False,False,False,False,False,3.9595633450110395,0,False,True,False
36,38472.31,160,147643.19,1,2.0,1,1,1,1,False,False,True,False,False,True,False,False,False,True,False,True,3.8375484199305965,0,False,False,True
19,30731.62,125,46617.8,1,8.0,1,1,1,0,False,False,True,True,False,False,False,False,False,False,False,False,1.5168833636702632,0,False,False,True
62,39030.1,89,114140.83,1,10.0,1,1,0,0,False,False,True,False,False,False,False,True,False,False,False,False,2.924355962296733,0,False,True,False
37,5000.0,51,47581.48,0,15.0,3,0,0,0,True,False,False,True,False,False,False,False,True,False,False,True,9.514393121375726,0,True,False,False
55,39594.63,26,5063.46,4,5.0,2,1,0,0,False,False,False,False,False,False,False,True,False,False,False,False,0.12787926344397096,1,True,False,False
41,5000.0,49,130877.99,1,3.0,1,1,0,1,False,False,False,True,False,False,False,False,False,True,False,False,26.17036392721456,0,True,False,False
39,34983.29,28,137204.18,1,2.0,1,0,0,1,False,False,False,False,False,False,True,False,False,False,False,False,3.9218797923296425,0,True,False,False
68,34983.29,34,132072.35,2,6.0,1,1,0,1,False,False,True,False,True,False,False,False,False,False,False,True,3.775190235388513,0,True,False,False
23,64526.87375,124,63856.06,2,9.0,1,1,1,1,False,False,False,False,False,True,False,False,False,True,False,False,0.9895887821656296,0,False,False,True
59,21050.85,24,77495.09,0,1.0,1,0,1,0,False,False,False,True,False,False,False,False,False,True,True,False,3.6811534378213793,0,False,False,False
60,26454.78,9,86495.95999999999,0,12.0,1,0,0,1,False,False,False,False,False,True,False,False,False,True,False,True,3.2694541608676815,0,False,False,False
39,51446.49,98,102617.32,2,7.0,1,0,0,1,False,False,False,False,False,False,False,False,False,False,False,False,1.9946030408869317,0,False,True,False
32,29191.64,52,67286.31,1,12.0,1,1,0,1,False,True,False,False,False,False,False,False,False,False,False,False,2.3049066477029827,0,True,False,False
18,61915.04,82,12141.77,1,7.0,1,1,1,0,False,False,True,False,True,False,False,False,False,True,False,False,0.19610055811062851,0,False,True,False
71,34983.29,26,90124.38,2,7.0,1,0,1,0,False,False,False,False,False,False,False,False,False,True,True,False,2.5761386039276486,0,True,False,False
72,39896.43,38,133555.43,0,0.0,1,1,1,1,False,False,True,False,False,True,False,False,False,True,False,False,3.3474694986619435,0,True,False,False
31,54402.49,80,31108.53,3,7.0,1,0,0,1,False,False,True,False,True,False,False,False,False,True,False,False,0.5718112937239872,1,False,True,False
19,36572.33,125,113744.17,1,8.0,1,1,0,0,False,False,False,False,False,False,False,False,True,False,False,True,3.110030451151153,0,False,False,True
24,22971.87,75,99919.38,1,13.0,1,0,0,0,False,False,False,False,False,False,True,False,True,False,False,False,4.349451331070084,0,False,True,False
21,33683.27,98,118756.67,1,14.0,1,0,0,1,False,False,True,False,False,False,False,False,False,False,False,False,3.5255824157685476,0,False,True,False
65,34572.67,94,124238.9,0,2.0,2,1,1,1,False,False,False,False,False,True,False,False,False,True,False,False,3.5934542095183994,0,False,True,False
68,34983.29,49,53749.06,1,5.0,3,1,0,1,False,False,False,True,False,False,False,False,False,True,False,False,1.536377042381023,0,True,False,False
26,31930.02,51,12236.83,2,3.0,1,1,1,0,False,False,False,False,False,False,False,False,True,False,True,False,0.3832270312692798,0,True,False,False
60,26093.69,77,60991.62,0,1.0,2,1,1,0,True,False,False,False,False,True,False,False,False,False,False,False,2.3373192017226496,0,False,True,False
28,46092.29,6,125010.73,1,0.0,1,0,0,1,False,True,False,False,False,True,False,False,False,True,False,False,2.7121242593010826,0,False,False,False
38,35415.34,124,60609.82,3,1.0,1,1,0,1,True,False,False,True,False,False,False,False,False,False,False,False,1.7113518788220354,1,False,False,True
52,31606.45,111,53768.05,1,7.0,1,1,1,0,False,False,False,False,False,True,False,False,False,True,False,False,1.7011195145448306,0,False,True,False
59,33725.82,56,3039.23,1,2.0,1,1,1,0,False,False,False,False,False,False,False,True,True,False,False,False,0.09011315030589899,0,True,False,False
67,37677.46,68,163869.14,1,3.0,1,0,0,1,False,False,True,False,False,True,False,False,True,False,True,False,4.349146435390407,0,False,True,False
20,42401.77,60,122157.11,0,1.0,3,1,1,1,True,False,False,False,False,False,True,False,False,False,False,False,2.880875706940844,0,True,False,False
29,23003.45,118,119645.32,1,11.0,1,1,0,0,False,True,False,False,False,True,False,False,False,False,False,False,5.200964161281839,0,False,True,False
33,22500.95,137,128547.64,2,10.0,1,0,0,1,True,False,False,False,False,True,False,False,False,True,True,False,5.712733340888234,0,False,False,True
35,48256.15,20,110951.88,0,15.0,1,1,1,0,False,False,False,False,False,False,False,True,False,True,True,False,2.2991801214949494,0,False,False,False
74,30051.96,75,74005.2,0,1.0,1,1,1,1,False,False,True,False,True,False,False,False,True,False,False,False,2.4624928792371867,0,False,True,False
62,34983.29,3,77630.62,0,3.0,1,0,1,0,False,True,False,False,False,False,False,True,False,False,False,False,2.2190137344505203,0,False,False,False
36,40325.75,82,65759.6,1,7.0,1,1,0,0,False,False,True,False,False,True,False,False,True,False,False,True,1.6306694687769285,0,False,True,False
73,40560.44,45,203563.33,1,10.0,1,0,0,1,False,False,True,False,False,False,True,False,False,True,True,False,5.018641596550812,0,True,False,False
46,16631.42,61,110016.04,0,2.0,2,0,0,0,False,False,False,False,False,True,False,False,False,False,False,False,6.614553985529466,0,False,True,False
46,37753.78,83,64128.98,2,3.0,1,0,1,1,False,False,True,True,False,False,False,False,False,False,False,False,1.698565850469795,0,False,True,False
42,43827.0,59,105947.35,2,6.0,1,1,0,1,False,False,False,False,False,False,False,True,False,True,False,False,2.417343935383773,0,True,False,False
26,39492.64,71,86495.95999999999,1,0.0,2,1,1,0,False,False,False,True,False,False,False,False,False,False,False,False,2.1901237768916717,0,False,True,False
71,42583.78,138,152702.8,2,6.0,1,1,1,1,True,False,False,True,False,False,False,False,True,False,False,True,3.5858539130647147,0,False,False,True
18,18148.77,146,86495.95999999999,2,7.0,1,1,0,0,False,True,False,False,False,False,False,False,False,True,False,False,4.7656780223661235,0,False,False,True
27,38972.48,2,86495.95999999999,0,8.0,1,1,0,1,False,True,False,True,False,False,False,False,False,True,False,True,2.2193542891217306,0,False,False,False
31,31368.56,69,132968.99,2,6.0,1,0,1,0,False,False,False,True,False,False,False,False,False,False,False,False,4.238790407006027,0,False,True,False
33,29206.52,153,86495.95999999999,1,7.0,1,0,0,0,False,False,False,False,True,False,False,False,True,False,False,True,2.9614277418966073,0,False,False,True
25,45446.67,96,89251.15,0,15.0,1,1,0,1,False,False,False,True,False,False,False,False,False,True,False,True,1.9638223477683234,0,False,True,False
19,52751.29,37,85486.09,2,8.0,1,0,1,1,True,False,False,False,True,False,False,False,False,True,False,True,1.6205190333917256,0,True,False,False
56,56532.44,107,82460.15,0,8.0,1,0,1,1,False,False,True,False,False,False,False,False,False,True,False,False,1.458608391776619,0,False,True,False
73,50777.69,27,59048.57,1,14.0,1,0,0,0,False,True,False,True,False,False,False,False,False,True,False,True,1.1628612317489875,0,True,False,False
24,33683.19,4,64773.25,1,2.0,1,0,1,0,False,False,False,False,False,True,False,False,True,False,True,False,1.9229570311769408,0,False,False,False
34,39232.64,114,151581.57,0,1.0,1,0,0,1,False,False,True,False,False,False,True,False,False,True,False,False,3.8635612194025333,0,False,True,False
46,64526.87375,93,80115.85,1,7.0,1,1,0,0,True,False,False,False,False,False,False,True,False,True,False,False,1.2415696557799567,0,False,True,False
70,36454.14,137,49639.17,1,5.0,1,1,0,0,False,False,False,False,False,False,True,False,False,False,False,False,1.3616507850470467,0,False,False,True
57,36569.17,63,61766.61,3,3.0,1,0,0,0,False,True,False,False,False,False,True,False,False,False,False,False,1.688988867155936,1,False,True,False
61,44885.04,154,134516.68,2,1.0,3,0,0,1,False,False,True,True,False,False,False,False,False,True,True,False,2.996848908925804,0,False,False,True
51,34288.61,76,86495.95999999999,0,14.0,1,0,0,1,False,False,False,False,True,False,False,False,False,False,False,False,2.5225122128831443,0,False,True,False
41,26248.56,133,110214.81,1,9.0,1,0,1,0,False,False,False,True,False,False,False,False,False,True,True,False,4.1987298072805785,0,False,False,True
29,30026.32,19,73411.55,2,11.0,1,1,1,0,False,True,False,False,False,False,False,False,True,False,False,False,2.444825245809483,0,False,False,False
67,42606.92,18,110801.31,2,1.0,1,1,0,0,False,False,True,False,True,False,False,False,False,False,False,True,2.600486247627202,0,False,False,False
63,35035.92,141,56039.75,1,5.0,1,0,1,0,True,False,False,False,False,True,False,False,False,False,False,False,1.5994485245849237,0,False,False,True
19,39082.52,151,73317.37,2,9.0,2,1,1,0,True,False,False,False,True,False,False,False,False,True,False,True,1.8759152195093993,0,False,False,True
58,43040.95,170,128641.2,1,8.0,1,1,1,1,False,False,False,False,False,False,True,False,False,False,False,True,2.9887400547605303,0,False,False,True
22,30501.9,59,124342.5,1,11.0,1,0,0,0,True,False,False,False,False,False,True,False,True,False,False,False,4.07641568506601,0,True,False,False
60,44074.98,5,40814.06,4,10.0,1,0,1,0,False,True,False,False,False,True,False,False,False,True,False,False,0.9259932507456441,1,False,False,False
65,34983.29,177,46501.31,3,6.0,2,1,0,0,False,False,False,False,False,False,False,False,False,True,False,False,1.329205480517112,1,False,False,True
25,20182.24,109,89891.6,1,12.0,1,0,0,0,True,False,False,False,False,False,False,True,False,True,True,False,4.453774517867299,0,False,True,False
42,52307.66,45,162675.96,2,4.0,1,1,0,0,False,False,False,False,True,False,False,False,False,True,False,False,3.109924054640283,0,True,False,False
25,28991.06,138,1000.0,0,7.0,1,0,1,0,False,False,False,False,False,True,False,False,False,False,False,False,0.03449220234781523,0,False,False,True
50,15138.86,163,97524.98,2,14.0,2,1,0,0,False,False,False,False,False,True,False,False,False,False,False,False,6.4416038193219745,0,False,False,True
70,22459.48,52,23078.05,1,0.0,1,0,1,0,False,True,False,False,False,False,True,False,False,False,False,False,1.027495850489393,0,True,False,False
22,22747.46,139,56455.11,4,4.0,3,1,0,1,False,False,False,True,False,False,False,False,True,False,True,False,2.481711289467507,1,False,False,True
40,35626.08,142,68600.72,1,1.0,2,1,0,0,False,False,False,False,False,False,False,False,False,False,False,False,1.9255218221644883,0,False,False,True
73,31713.79,91,66077.12,0,3.0,1,1,1,0,False,False,True,False,False,True,False,False,False,False,False,False,2.0834796635891326,0,False,True,False
35,30958.02,114,60979.18,0,6.0,2,1,0,0,False,False,False,False,False,False,True,False,False,False,False,True,1.9696741046712718,0,False,True,False
25,42436.42,49,85324.32,2,2.0,1,1,0,1,True,False,False,True,False,False,False,False,False,False,False,False,2.010591595813318,0,True,False,False
45,39078.5,168,60913.5,2,7.0,1,0,0,1,False,True,False,False,False,False,True,False,False,False,False,False,1.558707250604537,0,False,False,True
46,38792.57,177,19189.42,0,14.0,1,0,0,0,False,False,False,False,False,False,False,True,False,True,False,False,0.4946546553977888,0,False,False,True
55,39917.94,177,120094.13,0,2.0,2,1,0,0,False,False,False,False,True,False,False,False,False,False,False,False,3.00844987366899,0,False,False,True
35,42393.62,133,118879.25,1,14.0,1,0,0,1,False,True,False,False,True,False,False,False,False,True,False,False,2.80411170096583,0,False,False,True
72,9704.56,8,122942.84,1,6.0,1,0,0,1,False,False,False,False,True,False,False,False,False,False,False,False,12.66725876713966,0,False,False,False
47,30626.74,66,15666.95,3,9.0,1,0,1,0,False,False,False,True,False,False,False,False,False,True,False,False,0.51152811144407,1,False,True,False
34,34983.29,81,98451.32,2,7.0,1,1,0,1,False,True,False,False,False,False,True,False,False,False,False,True,2.8141580120677023,0,False,True,False
72,35432.72,173,115419.05,0,5.0,2,1,0,1,False,True,False,True,False,False,False,False,False,True,False,False,3.2573224036313433,0,False,False,True
70,34944.4,99,38595.91,0,1.0,1,0,0,1,False,False,True,False,False,False,False,True,True,False,False,False,1.1044632483817614,0,False,True,False
46,47546.39,97,86495.95999999999,0,9.0,1,1,0,0,False,False,True,False,True,False,False,False,False,False,False,True,1.819152639082818,0,False,True,False
19,49251.61,27,79768.0,1,14.0,2,1,0,0,False,True,False,False,False,False,False,False,True,False,False,False,1.6195689933995376,0,True,False,False
52,37433.3,143,167896.78,0,8.0,2,0,0,0,False,False,True,False,False,False,False,False,False,False,False,True,4.485105371277144,0,False,False,True
49,28995.67,61,171602.32,1,9.0,1,1,1,1,False,False,True,False,False,False,True,False,False,True,False,False,5.918000929072201,0,False,True,False
26,40821.93,17,10103.96,1,10.0,1,0,1,0,True,False,False,False,False,False,False,True,False,True,False,False,0.2475069770837125,0,False,False,False
54,28664.99,178,197226.72,0,6.0,1,1,0,1,False,False,True,True,False,False,False,False,False,False,True,False,6.880164264342518,0,False,False,True
65,34983.29,35,43814.84,0,1.0,1,0,1,0,False,False,False,True,False,False,False,False,False,False,True,False,1.252414726724481,0,True,False,False
24,46833.64,3,129130.3,0,8.0,1,0,1,1,False,False,False,False,False,False,False,True,False,False,False,False,2.7571536794133573,0,False,False,False
59,28306.74,15,128672.41,0,13.0,1,0,1,1,False,False,False,True,False,False,False,False,False,True,False,True,4.545485086410996,0,False,False,False
25,44668.14,82,40193.94,1,5.0,2,0,0,0,False,False,False,True,False,False,False,False,False,False,True,False,0.8998145028088744,0,False,True,False
60,43128.82,19,107197.05,0,13.0,1,0,0,0,False,False,False,False,True,False,False,False,True,False,False,True,2.4854509014876482,0,False,False,False
41,23542.5,152,80160.98,2,13.0,2,1,0,0,False,False,False,False,False,False,False,True,False,False,False,False,3.4048030241892664,0,False,False,True
18,46686.73,93,109944.85,1,3.0,2,0,1,1,True,False,False,False,False,True,False,False,True,False,False,False,2.3548981713182457,0,False,True,False
73,43382.8,59,95380.25,2,9.0,1,0,0,0,False,False,False,False,True,False,False,False,False,False,False,True,2.1985222594609044,0,True,False,False
27,36223.11,1,138835.28,0,11.0,1,1,1,1,False,False,False,False,False,False,False,True,False,True,False,True,3.832676082310925,0,False,False,False
51,25852.12,87,88392.98,3,7.0,1,1,0,0,False,False,False,True,False,False,False,False,False,False,False,False,3.419044974068894,1,False,True,False
28,24689.53,28,77445.67,1,11.0,2,1,0,0,False,False,False,False,False,False,True,False,False,False,False,False,3.13665482271948,0,True,False,False
71,28548.05,177,134322.89,2,14.0,1,0,1,0,True,False,False,True,False,False,False,False,False,False,False,False,4.704986330543399,0,False,False,True
60,41511.13,53,111117.82,0,10.0,1,0,0,1,False,False,False,True,False,False,False,False,False,True,False,False,2.676755444733865,0,True,False,False
63,23532.5,86,117931.6,1,13.0,1,1,1,0,False,False,False,False,False,False,False,True,False,False,False,True,5.011222300125353,0,False,True,False
42,40250.15,4,55093.6,1,12.0,2,1,0,0,True,False,False,False,False,False,False,True,False,True,False,False,1.3687459861395264,0,False,False,False
44,20098.93,24,37963.17,1,13.0,1,1,1,0,False,False,False,False,False,False,False,True,True,False,False,False,1.8887215030102094,0,False,False,False
54,32551.18,38,59452.5,0,13.0,1,1,0,0,False,False,False,False,False,False,False,False,False,False,False,False,1.8263753763956823,0,True,False,False
62,36315.77,10,57063.04,1,3.0,1,0,0,0,True,False,False,False,False,False,False,False,False,False,False,False,1.571258677464984,0,False,False,False
66,64341.56,131,120378.97,0,0.0,1,1,0,1,False,False,True,False,False,False,False,True,False,False,False,False,1.8709073745278397,0,False,False,True
19,18472.21,171,128919.28,1,2.0,2,1,0,0,True,False,False,False,False,False,False,False,False,False,False,False,6.978715664467627,0,False,False,True
55,52664.17,178,78019.14,0,3.0,2,1,1,0,True,False,False,False,False,True,False,False,False,True,False,False,1.4814181744785027,0,False,False,True
24,36798.11,48,149391.36,0,11.0,2,0,0,1,False,True,False,False,False,True,False,False,False,True,False,True,4.059646007743122,0,True,False,False
34,39934.06,142,146581.12,0,8.0,1,0,0,0,False,False,False,False,False,False,False,False,False,False,False,True,3.6704870357024633,0,False,False,True
65,36420.17,91,95952.95,2,7.0,1,1,0,0,True,False,False,False,False,False,False,True,False,False,False,False,2.634537825116546,0,False,True,False
32,40336.72,9,206440.68124999997,3,0.0,1,1,1,0,False,False,True,False,False,False,True,False,False,True,True,False,5.117807383511016,1,False,False,False
63,33155.78,17,155891.95,0,10.0,1,1,1,0,False,False,False,False,False,False,True,False,False,False,False,True,4.701661319344038,0,False,False,False
44,52448.6,99,82254.22,2,5.0,1,1,1,0,False,True,False,False,False,False,False,False,False,True,False,True,1.5682525700863306,0,False,True,False
31,29522.35,77,90677.43,1,12.0,2,0,0,0,False,False,False,False,True,False,False,False,True,False,False,True,3.071380110996889,0,False,True,False
37,34983.29,2,69717.77,2,1.0,1,1,0,0,False,True,False,True,False,False,False,False,False,False,False,False,1.9928307820453124,0,False,False,False
48,27267.59,168,44959.44,1,4.0,1,1,0,0,False,False,True,False,True,False,False,False,False,True,False,False,1.6487629173345597,0,False,False,True
61,34276.98,132,18911.23,1,0.0,3,1,0,1,False,False,False,False,False,False,True,False,True,False,False,False,0.5517019964420307,0,False,False,True
52,22136.45,91,113479.07,3,4.0,1,1,1,1,False,False,False,False,False,False,True,False,False,True,False,False,5.126112989526797,1,False,True,False
71,40460.28,178,49746.95,1,14.0,1,1,0,0,False,True,False,False,False,False,True,False,False,True,False,False,1.2294952112241628,0,False,False,True
67,52341.51,175,206440.68124999997,0,7.0,2,1,1,1,False,False,False,False,False,False,False,False,False,True,False,False,3.9440348055528855,0,False,False,True
60,34071.73,176,36126.69,0,7.0,1,1,1,0,False,False,False,False,False,True,False,False,False,True,False,False,1.0602816387181184,0,False,False,True
52,32637.37,47,28417.79,1,4.0,1,1,1,0,False,False,False,True,False,False,False,False,False,True,False,False,0.8706865569573481,0,True,False,False
34,21624.6,159,107956.24,1,4.0,1,1,1,0,True,False,False,False,False,False,True,False,False,True,False,False,4.992057561408702,0,False,False,True
41,32248.49,91,153819.11,0,7.0,2,0,0,0,False,False,False,False,False,False,True,False,False,True,False,False,4.769660233386636,0,False,True,False
24,15886.47,131,87906.53,3,15.0,1,1,0,0,False,False,True,False,False,False,False,False,False,True,False,False,5.5330729184697125,1,False,False,True
39,24045.46,155,110750.91,1,11.0,1,1,1,0,False,False,True,False,False,False,True,False,False,False,True,False,4.605705372017336,0,False,False,True
70,37721.43,30,2040.37,1,11.0,1,1,1,0,False,False,False,False,False,True,False,False,True,False,False,True,0.05408903933283195,0,True,False,False
42,50828.16,81,54511.98,1,7.0,1,0,0,0,False,False,False,False,False,False,True,False,False,False,False,False,1.0724548664585447,0,False,True,False
24,64526.87375,24,86495.95999999999,0,1.0,2,0,1,0,False,False,False,False,False,False,False,False,False,False,False,False,1.3404433615015867,0,False,False,False
55,27960.98,51,1000.0,1,11.0,1,0,0,0,False,True,False,False,False,False,False,True,False,False,False,False,0.035762846550923794,0,True,False,False
72,52223.6,75,90264.11,1,12.0,1,0,0,1,False,True,False,False,False,False,False,False,False,False,False,False,1.7283829842641207,0,False,True,False
67,37925.03,154,1000.0,0,8.0,1,0,0,0,False,False,False,False,False,False,False,True,False,True,False,False,0.026367115144928167,0,False,False,True
33,33185.03,156,25501.18,1,1.0,1,1,0,0,False,False,False,False,False,True,False,False,False,False,True,False,0.7684311742019158,0,False,False,True
43,40191.13,71,60826.28,1,11.0,1,0,0,1,False,False,False,False,False,False,False,True,False,True,False,True,1.513387819953807,0,False,True,False
48,35743.0,60,47592.14,1,14.0,1,0,0,1,False,True,False,False,False,False,False,False,False,True,True,False,1.3314721351835273,0,True,False,False
32,34983.29,96,102838.38,3,3.0,1,1,0,0,False,False,False,True,False,False,False,False,False,False,False,True,2.939558870567332,1,False,True,False
33,30100.0,165,98751.11,0,2.0,1,1,0,0,False,False,True,True,False,False,False,False,False,False,False,False,3.2806587821002626,0,False,False,True
31,18222.68,176,125220.94,1,11.0,2,1,0,0,False,False,False,True,False,False,False,False,False,True,True,False,6.871331147166763,0,False,False,True
74,16476.5,41,118857.27,0,5.0,3,1,0,0,False,False,False,False,True,False,False,False,False,True,False,False,7.2133072371415565,0,True,False,False
60,42838.94,34,136336.58,1,11.0,1,0,0,1,False,False,True,True,False,False,False,False,False,False,False,False,3.182464307839833,0,True,False,False
65,34983.29,128,84913.67,0,7.0,1,1,1,0,False,False,False,True,False,False,False,False,False,False,False,True,2.4271943206507833,0,False,False,True
64,34983.29,55,98656.01,0,4.0,1,0,0,0,False,False,True,False,False,True,False,False,False,False,False,False,2.8200089240056037,0,True,False,False
72,35102.07,36,108018.12,1,7.0,1,0,0,0,False,False,False,False,False,True,False,False,False,False,False,False,3.077170173434973,0,True,False,False
24,44539.19,6,91374.55,1,8.0,1,1,0,0,False,True,False,False,False,False,False,False,False,False,False,False,2.051507862898654,0,False,False,False
68,37164.37,73,67126.26,0,6.0,2,1,0,0,False,False,False,False,False,True,False,False,True,False,False,True,1.8061507257966216,0,False,True,False
21,27127.34,71,70040.09,1,13.0,2,0,1,0,False,False,False,False,False,False,False,True,False,False,False,False,2.5818052265638074,0,False,True,False
45,49715.52,102,48209.87,2,5.0,1,0,1,0,True,False,False,False,False,True,False,False,False,False,False,False,0.9696951838141529,0,False,True,False
51,34983.29,37,103972.76,2,3.0,3,1,0,1,True,False,False,False,False,False,False,False,True,False,False,False,2.9719842820877598,0,True,False,False
38,40934.68,129,80769.32,2,13.0,1,1,0,0,False,False,True,False,False,True,False,False,False,True,False,False,1.9730787420656015,0,False,False,True
26,46683.96,123,55157.18,2,11.0,1,0,0,0,True,False,False,False,False,True,False,False,False,False,False,False,1.181476432666966,0,False,False,True
28,49903.52,84,55198.98,0,9.0,1,0,0,0,False,False,False,True,False,False,False,False,False,True,False,False,1.1060917928876985,0,False,True,False
65,48561.19,33,30532.06,2,15.0,1,1,1,0,False,False,True,False,False,False,True,False,True,False,False,True,0.6287208216927613,0,True,False,False
36,42369.19,92,129047.86,2,12.0,2,1,0,0,False,False,False,True,False,False,False,False,False,False,False,False,3.0457229481387738,0,False,True,False
35,42180.16,122,88537.8,0,7.0,1,0,0,1,False,False,False,False,False,False,True,False,False,False,False,False,2.09898921698692,0,False,False,True
70,41235.93,68,46174.0,1,12.0,1,1,0,0,False,True,False,True,False,False,False,False,True,False,False,False,1.1197244799746247,0,False,True,False
26,21831.95,48,121384.65,0,6.0,1,1,0,0,True,False,False,False,True,False,False,False,True,False,False,False,5.559699903128069,0,True,False,False
70,43408.68,92,59779.8,1,0.0,2,1,1,0,False,False,False,False,False,False,True,False,True,False,False,False,1.3771075944351583,0,False,True,False
70,18730.23,64,21707.47,0,7.0,1,1,0,0,False,False,False,False,False,False,False,True,False,False,False,True,1.1588918613459982,0,False,True,False
52,25464.81,73,130955.0,1,12.0,1,1,0,0,False,True,False,False,False,False,False,True,True,False,False,False,5.142385025255431,0,False,True,False
27,50642.78,63,60830.64,5,7.0,1,0,0,0,False,False,False,False,False,True,False,False,False,False,False,False,1.2011473077246604,1,False,True,False
26,45082.64,55,66599.54,1,10.0,2,0,0,0,False,False,False,False,False,False,False,False,False,True,False,True,1.4772440734599068,0,True,False,False
34,34983.29,130,86853.1,2,9.0,1,1,0,0,False,False,False,False,True,False,False,False,True,False,False,False,2.482631489734392,0,False,False,True
50,31739.91,83,136416.52,0,9.0,1,1,0,1,False,False,False,False,False,False,False,True,False,False,False,False,4.297813767784225,0,False,True,False
26,21173.01,84,85901.68,2,1.0,2,1,0,0,False,False,False,False,False,False,False,True,False,False,False,False,4.056939616067056,0,False,True,False
43,32114.75,118,31039.73,0,0.0,1,0,0,0,False,True,False,False,False,False,False,True,False,True,False,False,0.9664955668169045,0,False,True,False
24,36224.38,66,109474.47,3,0.0,1,0,0,0,False,False,False,False,False,False,False,False,True,False,True,False,3.0220378640610535,1,False,True,False
48,35947.86,19,63175.46,0,14.0,1,0,0,0,False,False,False,True,False,False,False,False,False,False,False,True,1.7573703310758673,0,False,False,False
19,48604.17,154,169956.58,0,12.0,1,0,0,0,True,False,False,False,False,True,False,False,True,False,False,True,3.4966769995866693,0,False,False,True
58,30664.75,11,84949.61,2,4.0,1,0,0,1,False,False,True,False,False,False,True,False,False,False,True,False,2.770178782517956,0,False,False,False
21,39224.41,103,1000.0,1,6.0,1,0,0,0,True,False,False,False,True,False,False,False,False,False,False,True,0.025493678714894247,0,False,True,False
29,34983.29,48,101081.42,1,7.0,1,1,1,1,False,False,True,False,False,False,True,False,False,False,False,False,2.88933747119064,0,True,False,False
27,40403.81,39,172506.9,2,7.0,1,0,0,1,False,False,True,False,True,False,False,False,True,False,False,True,4.269464452375844,0,True,False,False
65,35037.3,8,155916.41,2,6.0,1,0,0,0,False,False,True,False,False,True,False,False,False,False,False,True,4.4498851257053,0,False,False,False
21,26002.24,163,167392.94,0,5.0,3,1,0,0,True,False,False,False,False,False,False,True,False,True,False,True,6.43738780244308,0,False,False,True
42,32170.05,78,86495.95999999999,1,11.0,1,1,0,0,False,False,True,False,False,False,False,False,False,False,False,True,2.6886271974337173,0,False,True,False
51,32789.89,62,126046.86,2,12.0,1,0,0,1,False,False,False,False,False,False,False,True,True,False,False,True,3.843959709541278,0,False,True,False
47,31758.14,134,52510.25,2,1.0,1,1,0,0,False,False,False,False,False,True,False,False,True,False,False,False,1.6533901736633927,0,False,False,True
56,56256.09,8,95093.02,1,7.0,1,0,0,0,False,False,True,False,False,True,False,False,False,False,False,False,1.6903295211323588,0,False,False,False
63,33818.65,102,27717.14,2,15.0,1,1,0,0,True,False,False,False,False,False,False,False,False,False,False,False,0.8195572692207045,0,False,True,False
40,32073.25,90,55999.49,1,13.0,1,1,0,0,False,False,False,False,False,False,False,True,False,False,False,False,1.745932952446277,0,False,True,False
65,9830.59,100,54568.9,2,12.0,1,1,0,0,False,True,False,False,False,False,False,True,False,False,True,False,5.550363674644691,0,False,True,False
36,24269.51,23,125434.99,1,11.0,1,0,1,0,False,False,False,True,False,False,False,False,True,False,False,True,5.168205777299283,0,False,False,False
74,31843.12,172,121032.36,0,0.0,2,1,1,0,False,False,False,False,False,True,False,False,False,True,False,False,3.8007757790135197,0,False,False,True
46,26769.77,43,97456.89,0,15.0,2,0,0,1,False,True,False,False,False,False,True,False,False,False,False,True,3.6404216240324803,0,True,False,False
59,51580.49,123,24231.04,0,11.0,2,1,0,0,False,False,False,True,False,False,False,False,False,True,False,False,0.4697623120231696,0,False,False,True
67,34983.29,135,70976.23,2,14.0,1,1,0,0,False,False,False,False,False,False,False,False,False,False,False,True,2.0288029284001476,0,False,False,True
63,50461.33,62,51424.76,1,14.0,1,1,1,0,False,False,False,False,False,True,False,False,False,False,False,True,1.019072246564913,0,False,True,False
66,35740.46,24,124135.41,1,4.0,1,1,0,0,False,True,False,True,False,False,False,False,False,False,False,False,3.473148830517836,0,False,False,False
48,35446.73,54,138018.32,1,0.0,2,0,0,0,False,False,False,False,False,True,False,False,False,False,False,False,3.8935728747651823,0,True,False,False
20,33934.44,146,132537.35,1,10.0,2,0,0,1,False,False,True,False,True,False,False,False,False,True,False,False,3.9055733475092707,0,False,False,True
46,35045.56,164,51015.13,2,7.0,2,1,0,0,True,False,False,False,False,False,True,False,False,False,False,True,1.4556387274528513,0,False,False,True
28,55625.54,169,1000.0,0,0.0,1,1,0,0,False,False,True,False,False,True,False,False,False,True,False,True,0.017977030388731708,0,False,False,True
68,7164.67,41,5486.71,2,4.0,2,0,0,0,False,True,False,False,True,False,False,False,False,False,False,False,0.765693926736788,0,True,False,False
31,10981.45,110,148973.21,0,15.0,1,0,0,1,True,False,False,False,True,False,False,False,False,True,True,False,13.564660890784841,0,False,True,False
30,28481.95,28,86495.95999999999,0,5.0,2,1,0,0,False,False,False,False,False,False,True,False,False,False,False,False,3.036762694875355,0,True,False,False
32,35174.33,128,51217.39,2,4.0,1,0,0,0,False,True,False,False,False,False,False,False,False,True,False,False,1.4560599715766702,0,False,False,True
54,43281.25,75,158919.71,2,10.0,1,1,1,1,False,False,False,False,True,False,False,False,False,False,False,True,3.6717062999266443,0,False,True,False
50,40677.05,129,141932.2,0,10.0,1,1,0,0,False,False,False,False,True,False,False,False,False,False,False,False,3.489159386942098,0,False,False,True
72,30389.05,124,86100.19,0,5.0,3,0,1,0,False,False,False,False,False,False,False,False,False,False,False,True,2.8331703962316617,0,False,False,True
41,47228.52,179,71796.86,1,13.0,1,0,0,0,False,False,True,False,False,False,False,True,False,True,False,True,1.520169165386394,0,False,False,True
34,47362.34,88,79055.45,1,9.0,1,0,0,0,False,False,False,False,False,False,False,True,False,True,False,True,1.669127430624614,0,False,True,False
20,37208.69,62,95222.33,2,2.0,1,1,1,0,False,False,True,False,False,True,False,False,False,False,False,False,2.559073456403426,0,False,True,False
18,46551.89,95,86495.95999999999,1,5.0,1,1,1,1,False,False,False,True,False,False,False,False,False,True,False,False,1.8580148300137755,0,False,True,False
39,38271.74,30,104011.03,1,13.0,3,0,1,1,False,False,False,False,True,False,False,False,False,True,False,True,2.71762695850885,0,True,False,False
70,28262.2,21,117671.31,1,1.0,1,1,1,0,False,False,False,False,False,True,False,False,False,True,False,False,4.163410724900223,0,False,False,False
47,43373.8,94,137617.15,2,0.0,1,1,0,1,True,False,False,False,True,False,False,False,False,True,False,True,3.172744312365705,0,False,True,False
68,36327.36,149,32364.58,2,10.0,2,0,1,0,False,False,False,False,False,False,False,False,False,False,False,False,0.8908902025855282,0,False,False,True
23,35016.08,96,118968.79,1,7.0,1,1,1,0,False,False,False,False,False,False,False,False,False,True,True,False,3.3974503299532683,0,False,True,False
23,52675.44,141,71744.41,1,4.0,1,1,0,1,False,False,False,False,False,True,False,False,False,True,False,True,1.3619828902636548,0,False,False,True
65,5589.53,33,86495.95999999999,0,7.0,1,1,1,0,False,False,False,False,False,False,True,False,False,True,False,True,15.47187118215983,0,True,False,False
24,17987.79,81,1000.0,1,2.0,1,0,0,0,False,False,True,True,False,False,False,False,False,False,False,False,0.05559017588175747,0,False,True,False
20,20755.15,111,39184.71,2,5.0,1,1,0,0,False,False,False,False,False,False,False,False,False,True,False,False,1.8878602245599496,0,False,True,False
41,30640.87,63,108905.05,3,3.0,1,1,0,0,False,False,False,False,False,True,False,False,False,False,True,False,3.5541254499154262,1,False,True,False
70,31944.7,3,90120.98,0,9.0,1,1,0,0,False,True,False,True,False,False,False,False,False,True,False,False,2.8210676241246864,0,False,False,False
57,16912.09,14,93296.5,0,10.0,2,1,1,0,False,False,False,False,False,False,False,True,False,False,False,False,5.5162303281068095,0,False,False,False
23,23178.1,167,86495.95999999999,4,14.0,2,1,0,1,False,False,False,False,True,False,False,False,False,False,False,False,3.7316358271028642,1,False,False,True
65,24669.9,109,27890.97,1,1.0,2,0,0,0,True,False,False,False,False,True,False,False,False,True,False,False,1.1305209781564516,0,False,True,False
66,64489.09,48,83765.5,0,5.0,1,1,1,1,False,False,True,False,False,False,False,False,True,False,False,False,1.2988894882919222,0,True,False,False
63,56620.9,47,98699.6,1,4.0,1,1,0,0,False,False,True,False,False,False,False,False,False,False,False,False,1.743134723490381,0,True,False,False
69,30059.01,8,51867.71,2,9.0,3,1,0,0,False,False,False,False,False,False,False,False,False,True,False,False,1.7254721472148546,0,False,False,False
31,30637.0,171,86274.7,3,8.0,2,1,0,0,False,False,False,False,False,False,True,False,False,True,False,False,2.8159377243945425,1,False,False,True
73,34983.29,20,13002.28,1,14.0,1,1,0,0,False,False,False,False,False,False,True,False,True,False,False,False,0.3716605367723627,0,False,False,False
36,12102.44,137,148445.78,0,7.0,1,0,1,1,False,False,False,True,False,False,False,False,False,True,False,False,12.264759440291355,0,False,False,True
63,33597.44,44,54327.35,2,12.0,1,0,0,0,False,False,False,False,False,False,True,False,False,False,False,False,1.6169604898322658,0,True,False,False
51,23025.78,61,176413.01,0,3.0,1,0,0,0,False,True,False,False,False,False,False,False,False,False,False,False,7.661210555709483,0,False,True,False
62,33981.79,50,83538.66,2,0.0,1,1,0,0,False,False,True,False,False,True,False,False,False,True,True,False,2.458263727021825,0,True,False,False
53,15797.53,149,131262.41,3,14.0,1,0,1,1,False,False,False,False,False,False,True,False,False,False,False,True,8.30852047627216,1,False,False,True
54,25856.31,6,82601.37,1,15.0,3,0,0,1,False,False,False,False,False,False,False,True,True,False,False,True,3.194507471968275,0,False,False,False
53,36783.53,64,83616.53,1,4.0,1,1,0,1,True,False,False,True,False,False,False,False,True,False,False,True,2.273143900438581,0,False,True,False
62,39394.52,51,58718.68,1,0.0,1,1,1,0,False,False,False,False,False,True,False,False,True,False,False,True,1.4904913045950403,0,True,False,False
60,40009.66,50,90360.58,1,10.0,1,0,0,1,False,False,False,False,True,False,False,False,False,False,False,False,2.2584126330332963,0,True,False,False
25,19154.13,35,99309.94,3,7.0,2,1,0,1,False,False,False,False,False,False,False,False,False,True,False,True,5.1845087973822155,1,True,False,False
65,45256.23,165,49708.37,3,14.0,2,1,0,0,False,False,True,False,True,False,False,False,False,True,False,False,1.0983520202186479,1,False,False,True
48,34983.29,69,79373.0,0,9.0,1,0,0,0,False,False,True,False,False,False,False,True,False,False,False,True,2.268818375333614,0,False,True,False
36,42594.29,76,57545.55,1,12.0,1,1,1,0,False,False,False,False,False,False,True,False,False,False,False,True,1.3509838763863329,0,False,True,False
47,34872.34,70,188484.88,1,12.0,1,0,0,1,False,False,False,True,False,False,False,False,False,False,False,True,5.404841635472829,0,False,True,False
73,18483.35,177,80962.12,0,0.0,2,1,0,0,False,False,True,False,False,False,True,False,False,False,False,False,4.380036084579658,0,False,False,True
66,34983.29,62,154535.45,1,2.0,1,1,0,1,False,False,True,True,False,False,False,False,True,False,False,False,4.417281299691948,0,False,True,False
65,39384.36,62,76197.0,1,12.0,2,1,0,0,False,False,True,False,False,False,False,False,True,False,False,False,1.9346528760940613,0,False,True,False
44,42355.58,60,96667.94,0,2.0,1,1,1,0,False,False,False,True,False,False,False,False,False,False,False,False,2.282241389649495,0,True,False,False
62,33308.15,59,25538.62,0,3.0,1,0,0,0,False,False,True,False,False,False,True,False,False,True,False,True,0.7667148516248538,0,True,False,False
39,53381.35,17,64881.73,1,12.0,1,1,0,0,False,True,False,False,False,False,True,False,False,False,False,False,1.2154153947887272,0,False,False,False
57,47090.13,109,94474.06,0,3.0,1,0,0,1,False,False,True,False,False,False,False,False,False,False,False,False,2.0061964960280205,0,False,True,False
54,31920.15,5,156370.17,0,2.0,1,1,0,0,False,False,False,True,False,False,False,False,False,False,False,False,4.898638363592791,0,False,False,False
32,44001.46,41,94989.22,1,0.0,1,1,0,0,False,False,True,False,False,True,False,False,False,True,False,False,2.1587252167265194,0,True,False,False
33,58205.52,37,86495.95999999999,0,7.0,2,1,1,0,False,False,False,False,False,True,False,False,False,True,False,False,1.4860184048110074,0,True,False,False
21,58525.82,53,113832.81,2,10.0,1,1,0,0,False,False,False,False,False,False,False,True,True,False,False,False,1.944968306837788,0,True,False,False
25,20264.0,137,158233.06,1,11.0,3,0,1,1,False,False,False,False,False,True,False,False,True,False,False,False,7.808194423883543,0,False,False,True
42,23881.6,108,82343.1,1,14.0,1,1,0,0,False,True,False,False,False,False,False,True,False,False,False,False,3.4478281259159393,0,False,True,False
45,52819.03,179,192560.02,1,10.0,1,1,0,1,False,False,False,False,False,True,False,False,False,True,False,False,3.6455871001966487,0,False,False,True
27,22300.63,64,63157.17,3,12.0,2,1,0,0,False,True,False,True,False,False,False,False,False,False,False,False,2.831953090424332,1,False,True,False
41,19129.51,168,50509.22,1,3.0,2,0,0,0,False,False,False,True,False,False,False,False,False,False,False,False,2.6402443008576357,0,False,False,True
52,29165.67,9,30547.62,1,5.0,1,1,1,0,False,False,False,False,False,False,False,True,False,True,False,False,1.0473468517317883,0,False,False,False
31,40042.72,91,189896.11,1,4.0,1,0,0,1,False,False,False,False,False,False,False,False,False,False,False,False,4.742219504082038,0,False,True,False
37,33771.24,144,121875.14,1,1.0,1,0,0,1,False,False,True,False,False,False,False,True,False,False,False,False,3.6087372350782774,0,False,False,True
38,27193.24,96,69964.57,0,15.0,1,0,0,0,False,False,False,False,False,True,False,False,False,False,False,False,2.572771660469276,0,False,True,False
46,26909.45,168,141206.02,2,3.0,1,1,0,1,False,False,False,True,False,False,False,False,False,False,False,False,5.247255991631503,0,False,False,True
38,26451.96,57,115946.15,1,7.0,1,1,0,0,False,False,False,False,False,True,False,False,True,False,False,True,4.383106843241739,0,True,False,False
60,24445.88,6,173475.74,0,5.0,1,1,0,0,False,False,False,True,False,False,False,False,False,False,False,False,7.096027795775984,0,False,False,False
36,62379.59,140,15347.52,1,0.0,1,1,0,0,False,False,False,False,False,True,False,False,False,True,False,True,0.2460303757947785,0,False,False,True
42,38570.13,13,73058.8,1,14.0,2,0,0,0,False,False,False,True,False,False,False,False,True,False,False,False,1.8941316990194481,0,False,False,False
39,45641.11,138,64186.54,2,3.0,2,0,0,0,False,False,False,False,False,True,False,False,False,True,False,False,1.4063008918737543,0,False,False,True
28,29131.07,133,206440.68124999997,0,1.0,2,1,1,0,False,True,False,True,False,False,False,False,False,False,False,True,7.0863718661255435,0,False,False,True
57,32768.52,152,132714.72,2,5.0,1,1,0,0,False,False,False,False,False,False,True,False,True,False,False,False,4.049943972325503,0,False,False,True
31,26437.35,87,72832.15,1,2.0,1,0,1,1,False,False,False,True,False,False,False,False,False,False,False,True,2.7547918081120795,0,False,True,False
34,5000.0,162,118283.4,0,15.0,1,1,0,1,False,False,False,False,False,False,False,False,False,False,False,True,23.651949610077985,0,False,False,True
63,18463.89,31,191189.74,1,3.0,1,1,0,0,False,False,False,False,False,True,False,False,False,True,False,False,10.354231192278968,0,True,False,False
72,13272.58,79,69104.03,1,4.0,1,0,0,1,False,False,True,False,False,False,False,False,False,False,False,True,5.206133537448073,0,False,True,False
56,8002.59,22,66048.12,0,4.0,1,1,0,0,False,False,False,False,False,False,False,False,True,False,False,True,8.252311775090927,0,False,False,False
70,20655.69,139,90339.89,1,0.0,1,1,0,0,False,False,False,False,False,True,False,False,False,False,False,False,4.373396221756729,0,False,False,True
66,50899.47,129,129426.13,1,0.0,1,1,1,0,False,False,True,False,False,False,False,True,False,True,True,False,2.542729566151354,0,False,False,True
45,34466.77,146,59497.91,4,8.0,1,1,1,0,False,False,False,False,False,True,False,False,False,True,False,False,1.726189712882499,1,False,False,True
61,50486.77,138,56606.73,1,3.0,1,0,0,0,False,True,False,False,True,False,False,False,True,False,False,True,1.1211968759959097,0,False,False,True
36,39931.79,56,132573.52,1,7.0,1,1,0,1,False,True,False,True,False,False,False,False,False,False,False,True,3.319916289345172,0,True,False,False
44,44390.71,13,102038.77,0,4.0,1,1,0,0,False,False,False,False,False,False,False,False,False,False,False,True,2.2985996709746033,0,False,False,False
48,24189.24,168,1000.0,0,4.0,3,1,1,0,False,False,False,False,False,True,False,False,True,False,False,False,0.041338986301913495,0,False,False,True
72,41287.41,89,29857.37,1,6.0,1,1,0,0,False,False,False,False,False,False,True,False,False,True,True,False,0.7231416758359064,0,False,True,False
66,43744.57,17,152555.61,2,15.0,2,0,1,0,False,False,False,False,False,False,False,True,False,False,False,False,3.4873384893601793,0,False,False,False
45,28080.23,167,103086.77,1,4.0,2,0,1,0,False,False,False,False,False,False,False,True,False,False,False,False,3.671020464559423,0,False,False,True
55,41714.48,179,50701.18,2,11.0,1,1,0,0,False,False,True,False,True,False,False,False,True,False,True,False,1.215404449379463,0,False,False,True
29,41794.25,81,77331.57,0,12.0,1,1,1,0,False,False,False,False,False,False,False,False,False,True,True,False,1.8502478152421629,0,False,True,False
63,28405.37,139,85595.65,1,0.0,1,1,0,0,False,False,False,False,False,False,False,True,False,True,True,False,3.0132554775566183,0,False,False,True
49,21526.78,7,118108.0,0,8.0,1,1,0,1,False,False,False,True,False,False,False,False,True,False,False,False,5.486306530445778,0,False,False,False
48,20790.46,17,23878.15,1,7.0,1,1,1,0,False,True,False,True,False,False,False,False,False,False,False,False,1.1484595117418404,0,False,False,False
61,36038.07,50,47157.29,1,8.0,2,0,1,0,False,True,False,False,False,False,False,False,False,False,False,False,1.3085046312238358,0,True,False,False
54,38924.12,119,97283.01,1,2.0,3,1,1,0,False,False,False,False,False,False,False,True,False,True,False,False,2.499234684440279,0,False,True,False
22,25489.69,25,80507.44,1,7.0,1,1,1,0,False,False,True,False,False,False,True,False,True,False,False,False,3.1583076017165483,0,True,False,False
34,35319.02,7,110733.66,0,1.0,1,1,0,0,False,False,False,True,False,False,False,False,False,False,False,True,3.1351528113517495,0,False,False,False
28,41846.44,121,29672.17,1,15.0,1,0,0,0,False,False,True,True,False,False,False,False,False,True,False,False,0.7090557988732404,0,False,False,True
59,42418.29,139,101070.79,2,9.0,2,1,0,0,False,False,True,True,False,False,False,False,False,False,False,False,2.3826610487822872,0,False,False,True
20,53622.56,134,134121.26,0,0.0,1,1,0,0,False,True,False,False,False,False,False,False,False,False,False,False,2.501162921670997,0,False,False,True
29,50323.77,144,106906.83,0,8.0,1,1,0,0,False,False,False,False,False,False,False,False,True,False,False,False,2.1243381738257323,0,False,False,True
52,22984.5,145,91260.03,0,14.0,2,0,1,0,False,False,False,False,False,True,False,False,False,False,False,False,3.970330425703161,0,False,False,True
57,55203.03,109,80685.24,1,11.0,1,0,0,0,False,True,False,False,False,True,False,False,False,False,False,False,1.46158242432663,0,False,True,False
46,28628.28,94,47431.7,2,4.0,1,1,1,0,False,False,False,False,False,False,True,False,False,True,False,False,1.6567549026730675,0,False,True,False
67,47538.47,155,81760.06,1,7.0,1,1,0,0,False,False,False,False,False,False,False,True,False,False,False,False,1.7198353284123697,0,False,False,True
70,35815.84,63,141686.76,1,2.0,1,1,1,1,False,False,True,False,False,False,False,True,False,False,False,False,3.955869920406156,0,False,True,False
25,30054.21,18,79643.72,1,3.0,1,0,1,0,True,False,False,False,False,False,False,False,True,False,False,False,2.6499139417092743,0,False,False,False
72,13307.64,136,44958.82,2,2.0,1,0,0,0,False,False,True,False,False,False,False,False,False,False,False,False,3.3781678668894792,0,False,False,True
53,32941.23,50,62848.88,1,14.0,1,1,1,0,False,False,False,False,False,False,True,False,False,True,False,False,1.9078514113950389,0,True,False,False
54,16287.4,177,94038.26,1,11.0,2,1,0,1,False,False,True,False,False,False,False,False,False,False,False,False,5.773327030279217,0,False,False,True
23,46607.59,75,68191.87,0,8.0,1,1,0,0,False,False,False,False,False,False,True,False,False,False,False,False,1.4630751541722244,0,False,True,False
53,53201.51,154,106838.65,1,10.0,2,1,0,0,False,False,True,False,False,False,True,False,False,True,True,False,2.008150555302748,0,False,False,True
59,25437.07,8,108527.97,0,4.0,1,0,1,1,True,False,False,False,False,False,True,False,False,False,False,False,4.266360223082962,0,False,False,False
51,38623.65,119,125004.24,3,1.0,2,1,0,1,False,True,False,False,False,False,False,False,True,False,False,False,3.236385054621854,1,False,True,False
22,26295.3,81,149060.18,1,13.0,1,1,1,0,False,False,False,False,False,False,False,True,True,False,False,False,5.668484919931701,0,False,True,False
47,27458.18,84,129813.64,2,15.0,2,0,0,0,False,False,False,False,False,False,False,False,True,False,False,False,4.727513348905539,0,False,True,False
71,44293.94,48,42959.24,2,0.0,1,0,0,1,True,False,False,False,True,False,False,False,False,False,True,False,0.9698453141600372,0,True,False,False
59,34537.54,175,44340.95,4,0.0,1,0,0,0,False,False,False,False,False,True,False,False,False,False,True,False,1.2838107806525694,1,False,False,True
25,55875.78,71,81590.28,0,8.0,1,1,0,0,False,False,False,False,False,False,False,False,True,False,False,False,1.460182208065676,0,False,True,False
72,29213.21,154,64697.11,0,0.0,1,0,0,0,True,False,False,False,False,False,False,True,False,False,False,False,2.2145767419348323,0,False,False,True
72,46992.04,77,33775.3,2,11.0,3,1,0,0,False,False,False,False,False,False,False,True,False,True,False,False,0.718729837439757,0,False,True,False
27,36168.96,9,65123.87,0,15.0,3,1,1,0,False,False,False,False,False,False,False,True,True,False,False,False,1.800496046995905,0,False,False,False
63,44549.34,159,63646.92,0,4.0,2,1,0,0,False,False,False,False,False,False,False,False,False,False,False,True,1.4286517229722602,0,False,False,True
41,29634.11,34,54766.85,2,4.0,1,0,0,0,False,False,False,False,False,True,False,False,False,False,False,False,1.8480393695181154,0,True,False,False
51,34405.29,49,70789.47,3,13.0,2,1,1,1,True,False,False,True,False,False,False,False,False,True,True,False,2.0574572265710716,1,True,False,False
43,33614.01,155,138030.29,3,5.0,2,0,0,1,False,False,False,True,False,False,False,False,False,True,False,False,4.106209993690318,1,False,False,True
62,24967.31,161,93965.71,2,7.0,1,0,1,0,False,False,False,False,False,False,False,False,False,False,False,True,3.7633988844258983,0,False,False,True
74,42944.98,166,196231.41,1,1.0,1,0,0,1,False,False,False,False,False,False,False,False,False,True,False,False,4.569261430289866,0,False,False,True
63,42802.99,77,92672.87,1,13.0,1,1,1,0,False,False,False,False,True,False,False,False,True,False,False,True,2.165052136494752,0,False,True,False
71,42122.66,137,71947.04,1,14.0,1,0,0,1,False,False,False,False,False,False,False,False,False,False,False,False,1.7079959338765907,0,False,False,True
71,53443.59,60,85185.98,2,1.0,1,1,0,0,False,False,False,True,False,False,False,False,False,False,True,False,1.5939121246883923,0,True,False,False
23,52392.14,134,96542.14,0,7.0,2,1,1,0,False,False,False,False,False,False,True,False,False,True,False,False,1.84264848413361,0,False,False,True
32,30500.66,91,104586.43,0,2.0,1,0,0,1,False,False,False,True,False,False,False,False,True,False,False,True,3.4288766578605885,0,False,True,False
59,64526.87375,10,178452.01,2,2.0,1,1,0,1,False,False,False,False,False,True,False,False,True,False,False,True,2.7655027142437034,0,False,False,False
51,27516.79,76,46960.58,0,6.0,1,0,0,0,False,False,False,False,False,False,False,True,False,False,False,True,1.7065534695918532,0,False,True,False
20,35280.26,85,123657.07,0,6.0,2,0,1,1,False,False,False,False,False,False,False,True,True,False,False,False,3.504893816150557,0,False,True,False
23,27803.01,47,94348.78,0,13.0,3,1,0,0,False,False,False,False,False,True,False,False,False,True,False,False,3.3933515345448373,0,True,False,False
47,54440.84,68,14300.6,2,7.0,2,0,0,0,False,False,False,False,True,False,False,False,False,True,False,False,0.2626766472257367,0,False,True,False
53,39364.38,91,119681.45,1,2.0,1,1,0,0,False,False,False,False,True,False,False,False,False,False,False,False,3.040271680344506,0,False,True,False
27,34983.29,9,142043.06,1,9.0,1,0,0,1,False,False,False,False,False,False,True,False,False,False,False,False,4.0601955906494025,0,False,False,False
27,49323.42,28,46427.06,3,14.0,1,1,0,0,False,False,True,False,False,True,False,False,False,True,False,True,0.9412591166809463,1,True,False,False
25,8952.62,139,84597.98,1,10.0,1,0,0,1,False,False,False,False,False,False,False,False,False,False,False,False,9.448466653711012,0,False,False,True
50,10830.77,64,7359.06,1,3.0,1,0,1,0,True,False,False,False,False,False,True,False,False,False,False,False,0.6793958882066365,0,False,True,False
18,44550.06,110,28353.71,0,2.0,1,1,0,0,False,False,True,False,True,False,False,False,True,False,False,False,0.6364317706469835,0,False,True,False
50,35725.62,102,132161.33,0,7.0,1,1,0,0,False,False,False,False,False,False,False,False,False,False,False,False,3.699239670587365,0,False,True,False
45,38005.36,100,64011.26,1,7.0,1,1,0,0,False,False,False,False,False,False,False,False,True,False,True,False,1.6842249560336744,0,False,True,False
44,19083.25,75,35103.87,1,5.0,2,1,1,0,False,False,False,False,False,False,True,False,False,True,False,True,1.8394157485884959,0,False,True,False
56,34721.2,87,95325.72,2,1.0,1,1,0,0,False,False,False,False,True,False,False,False,True,False,True,False,2.745382493044796,0,False,True,False
47,34983.29,149,61491.44,1,1.0,1,1,0,0,False,False,False,False,False,True,False,False,False,False,False,False,1.7576872361851563,0,False,False,True
59,44890.4,174,63813.03,1,8.0,1,0,0,0,False,False,False,False,False,True,False,False,False,True,False,False,1.4214978815541506,0,False,False,True
61,37036.48,47,118269.67,1,15.0,1,1,0,1,True,False,False,False,False,False,True,False,False,True,False,False,3.1932428988149297,0,True,False,False
70,29731.35,121,32722.0,1,9.0,1,1,0,0,False,False,False,False,False,False,False,False,True,False,False,False,1.1005520922496876,0,False,False,True
63,30265.13,175,44258.57,2,7.0,1,0,0,0,False,False,True,False,False,False,True,False,False,False,False,False,1.4623134837523,0,False,False,True
47,9449.63,2,91933.6,0,14.0,1,1,1,0,True,False,False,False,False,False,False,False,False,False,False,False,9.727774762105808,0,False,False,False
46,34983.29,142,128623.44,0,11.0,1,1,0,1,False,False,False,False,True,False,False,False,True,False,False,False,3.676605699301029,0,False,False,True
31,45145.8,90,140717.21,0,11.0,1,0,1,0,False,True,False,True,False,False,False,False,False,False,False,True,3.116881152152533,0,False,True,False
52,16092.57,175,55072.22,0,9.0,2,1,0,0,False,True,False,False,False,True,False,False,False,True,False,False,3.4220014577250417,0,False,False,True
25,34983.29,105,127181.96,1,12.0,2,1,1,0,False,False,False,True,False,False,False,False,False,False,False,False,3.635402061896926,0,False,True,False
71,64526.87375,151,49713.6,1,8.0,1,0,1,0,False,False,False,False,False,False,True,False,False,False,False,True,0.770420550235471,0,False,False,True
66,23415.79,30,167179.42,0,9.0,1,1,0,1,False,False,False,True,False,False,False,False,False,True,False,False,7.139297059930076,0,True,False,False
24,35641.78,26,33980.3,1,9.0,1,1,1,0,False,False,False,False,False,False,False,True,False,True,False,True,0.9533571735986924,0,True,False,False
62,9987.17,167,86495.95999999999,1,7.0,1,0,1,0,False,False,False,False,False,False,True,False,False,True,False,True,8.659840591419648,0,False,False,True
24,34983.29,95,86495.95999999999,2,14.0,1,1,1,0,False,False,False,False,False,False,True,False,False,True,False,True,2.472422907539355,0,False,True,False
59,44046.26,101,175596.09,2,4.0,1,1,0,1,False,False,False,False,False,True,False,False,False,True,False,False,3.9865383227015707,0,False,True,False
22,31986.77,31,111609.43,3,11.0,1,0,0,0,True,False,False,False,False,True,False,False,True,False,False,False,3.4891281886796106,1,True,False,False
45,5231.5,41,39279.26,1,0.0,3,1,0,0,False,False,False,False,False,True,False,False,False,False,False,False,7.506786430960345,0,True,False,False
55,23042.98,148,61499.27,1,8.0,1,1,0,0,False,False,False,False,False,False,True,False,False,False,False,False,2.6687781364156713,0,False,False,True
59,49794.82,55,120153.15,0,14.0,2,1,0,0,False,False,False,False,False,False,False,True,False,False,False,True,2.4129163853512203,0,True,False,False
41,5000.0,106,132369.0,0,10.0,1,0,0,0,False,False,False,True,False,False,False,False,False,True,False,False,26.46850629874025,0,False,True,False
70,30829.72,57,81817.8,1,4.0,1,0,1,0,False,False,True,False,True,False,False,False,False,False,False,True,2.653775195649015,0,True,False,False
62,20839.99,48,87009.62,0,9.0,3,0,1,0,False,False,False,False,False,False,True,False,False,True,False,False,4.174927390685375,0,True,False,False
29,44654.84,30,119125.89,0,5.0,1,1,1,1,False,False,True,False,True,False,False,False,False,False,False,False,2.6676441424010835,0,True,False,False
56,26898.63,168,90930.93,1,6.0,1,0,0,0,False,False,False,False,True,False,False,False,False,True,False,False,3.380378466172211,0,False,False,True
59,39847.45,170,26792.28,0,3.0,3,1,1,0,False,False,True,True,False,False,False,False,True,False,False,True,0.6723543826673308,0,False,False,True
37,41785.53,21,48416.17,1,9.0,1,1,1,0,False,False,True,False,False,False,True,False,False,True,False,False,1.1586549541203828,0,False,False,False
60,57034.71,64,95580.4,3,3.0,1,1,0,1,False,False,False,False,False,False,True,False,False,True,False,True,1.6757992492773386,1,False,True,False
69,34983.29,102,139696.71,1,7.0,1,0,1,1,False,False,True,False,True,False,False,False,False,False,False,False,3.993126914966689,0,False,True,False
64,39512.53,69,157719.21,0,15.0,1,1,1,0,False,True,False,True,False,False,False,False,False,True,False,True,3.991524169063103,0,False,True,False
61,17179.33,130,120078.82,0,12.0,1,0,1,0,True,False,False,False,False,False,False,False,False,False,False,False,6.98931976277522,0,False,False,True
54,49284.96,47,97928.08,0,6.0,1,1,0,0,False,False,False,False,False,True,False,False,True,False,False,True,1.986936644837597,0,True,False,False
33,25873.89,11,118696.62,1,15.0,2,1,1,0,False,False,True,False,False,False,True,False,False,False,False,False,4.5873284871935684,0,False,False,False
63,28270.95,61,54996.21,0,0.0,1,1,1,0,False,False,False,False,False,False,False,True,False,False,False,False,1.9452570480635398,0,False,True,False
38,34733.03,108,78104.61,1,15.0,1,0,1,1,True,False,False,True,False,False,False,False,False,False,False,True,2.248648083738052,0,False,True,False
48,16245.39,33,47914.12,0,5.0,1,1,0,0,True,False,False,False,False,True,False,False,False,True,True,False,2.949216410537972,0,True,False,False
35,37745.24,147,86495.95999999999,0,13.0,1,0,1,0,False,False,False,False,False,False,False,True,True,False,False,False,2.291511949269649,0,False,False,True
35,46609.6,3,100009.71,0,15.0,2,1,1,0,False,False,False,False,False,False,True,False,False,False,False,True,2.145643051151455,0,False,False,False
26,38515.21,13,93348.1,0,9.0,1,0,0,0,False,False,False,False,False,False,True,False,False,False,False,False,2.423605541666743,0,False,False,False
72,15933.23,92,86495.95999999999,2,9.0,1,1,0,0,False,False,False,False,False,False,False,True,False,False,False,True,5.428311251940006,0,False,True,False
26,33514.29,93,109575.03,1,11.0,2,1,1,0,False,False,False,False,False,False,False,False,True,False,False,False,3.2694042032755797,0,False,True,False
22,34983.29,54,95918.99,1,7.0,2,1,1,0,False,False,False,False,True,False,False,False,True,False,False,True,2.741773235929613,0,True,False,False
71,12464.13,47,110047.75,0,2.0,2,1,1,1,False,False,True,False,False,False,True,False,False,False,False,False,8.828447838089135,0,True,False,False
49,22102.81,13,83079.26,1,5.0,1,1,0,0,False,False,False,False,False,False,False,False,False,True,False,False,3.7585945590375593,0,False,False,False
42,45518.52,120,103580.11,0,7.0,1,1,1,0,False,False,False,False,False,False,True,False,True,False,False,True,2.2755097153924297,0,False,True,False
60,38241.15,69,52323.5,0,11.0,1,0,0,1,False,False,False,False,False,False,False,True,False,True,False,False,1.3682154376780593,0,False,True,False
39,39943.66,22,101636.77,1,4.0,1,1,0,0,False,False,False,False,False,False,True,False,False,True,True,False,2.544439482023379,0,False,False,False
25,57313.94,72,86495.95999999999,1,9.0,2,1,0,1,False,False,False,False,False,False,True,False,False,True,False,False,1.5091346165589634,0,False,True,False
59,40622.63,169,54864.34,1,0.0,1,1,1,0,True,False,False,False,True,False,False,False,False,True,False,False,1.3505523755508801,0,False,False,True
28,42894.66,48,87332.44,0,0.0,1,0,0,0,False,True,False,False,False,False,False,True,False,False,False,False,2.035927177714482,0,True,False,False
49,64526.87375,162,56937.89,2,15.0,2,1,0,0,False,False,True,False,False,False,True,False,False,False,False,False,0.8823766643945865,0,False,False,True
72,32434.35,47,61307.2,0,13.0,3,1,0,0,False,False,False,False,False,False,False,True,False,False,False,False,1.8901352999119787,0,True,False,False
71,25425.41,34,34378.18,4,13.0,1,0,1,0,False,False,False,True,False,False,False,False,False,False,False,True,1.3520658244714845,1,True,False,False
38,40133.56,47,141959.87,1,5.0,3,1,0,1,False,True,False,True,False,False,False,False,False,False,False,False,3.537097952487831,0,True,False,False
62,40267.89,59,132955.83,2,8.0,1,0,0,0,False,False,True,False,False,True,False,False,True,False,False,False,3.3017008911842365,0,True,False,False
52,28679.42,22,109184.52,2,10.0,1,1,0,0,True,False,False,False,False,True,False,False,True,False,False,False,3.8069358816921093,0,False,False,False
45,22611.24,106,86495.95999999999,1,4.0,1,0,0,1,False,False,True,True,False,False,False,False,False,False,False,False,3.825183175129929,0,False,True,False
25,62718.13,61,76483.94,5,11.0,3,1,0,0,False,False,False,False,False,True,False,False,False,False,False,False,1.219467489424678,1,False,True,False
39,38922.12,130,206440.68124999997,1,11.0,2,0,0,0,False,False,False,False,False,False,True,False,False,True,False,False,5.303806099048585,0,False,False,True
55,26212.58,89,74761.18,2,6.0,1,0,0,0,True,False,False,False,False,False,False,True,False,True,False,True,2.8520019013045905,0,False,True,False
74,45991.16,80,96483.7,2,6.0,1,1,0,0,False,True,False,True,False,False,False,False,False,False,False,False,2.0978292822080977,0,False,True,False
18,33690.26,85,86495.95999999999,2,4.0,1,1,0,1,False,False,False,False,False,True,False,False,True,False,True,False,2.5673115223354657,0,False,True,False
58,31965.42,29,101754.65,0,12.0,1,1,1,0,False,False,True,False,False,False,False,False,False,False,False,False,3.183173154829349,0,True,False,False
66,41747.27,129,122602.67,2,15.0,2,1,1,0,False,False,False,False,False,False,True,False,False,False,False,True,2.9367125871323534,0,False,False,True
72,19497.41,19,79873.76,1,15.0,1,0,0,1,False,True,False,False,True,False,False,False,False,True,False,False,4.096424272543248,0,False,False,False
42,39231.53,130,164952.39,2,12.0,2,0,0,0,False,False,False,False,False,False,False,False,False,True,False,False,4.204480057747997,0,False,False,True
24,57955.46,180,95761.72,3,5.0,1,0,1,0,False,False,True,False,False,True,False,False,False,False,False,True,1.6523045058307564,1,False,False,True
33,40594.13,138,97171.84,0,12.0,1,0,0,0,False,False,False,False,False,False,False,True,False,True,True,False,2.393682197839987,0,False,False,True
66,30485.45,82,44095.1,0,3.0,1,0,0,0,False,False,True,False,True,False,False,False,True,False,False,False,1.4463835572852857,0,False,True,False
68,28914.74,57,103832.46,2,14.0,3,0,0,1,False,False,True,True,False,False,False,False,False,False,False,False,3.590862969441557,0,True,False,False
54,30075.92,158,78968.78,1,4.0,1,1,1,0,False,False,False,False,False,False,False,False,False,True,False,False,2.6255607289576193,0,False,False,True
24,31952.45,47,57629.21,2,6.0,1,1,0,0,True,False,False,False,False,False,False,False,False,False,False,True,1.803536394348654,0,True,False,False
24,30466.32,87,50058.65,0,1.0,1,1,0,0,False,False,False,False,False,True,False,False,False,True,True,False,1.6430276768681986,0,False,True,False
45,45995.74,139,205229.35,0,1.0,2,1,1,1,False,True,False,False,False,False,False,False,False,False,False,True,4.461823816209584,0,False,False,True
51,14201.49,167,73143.52,1,6.0,2,1,0,1,False,False,False,False,False,False,False,True,False,False,False,False,5.150049040696385,0,False,False,True
19,45344.0,166,19435.66,1,8.0,2,1,0,0,True,False,False,True,False,False,False,False,False,False,False,True,0.4286174881464329,0,False,False,True
57,30443.76,16,53580.03,1,0.0,1,1,0,0,False,False,True,False,False,False,False,True,True,False,False,True,1.759909751300388,0,False,False,False
49,39523.37,162,82679.45,0,13.0,2,1,0,1,False,False,True,False,False,False,False,True,False,False,False,False,2.0918600347077003,0,False,False,True
18,21476.15,21,109600.02,2,1.0,1,1,1,1,False,False,False,False,False,False,False,False,True,False,False,False,5.103098874850713,0,False,False,False
23,50943.57,106,109965.84,0,15.0,1,1,1,0,False,False,True,True,False,False,False,False,False,False,False,False,2.1585389767741683,0,False,True,False
43,64526.87375,168,115447.65,2,4.0,1,1,1,1,False,False,False,False,True,False,False,False,True,False,False,True,1.7891128793004742,0,False,False,True
59,46515.09,118,86495.95999999999,0,6.0,1,1,1,0,False,False,False,False,False,False,True,False,False,True,False,False,1.859484750330477,0,False,True,False
65,16822.94,171,100319.82,0,2.0,3,0,0,0,False,False,False,True,False,False,False,False,False,False,False,False,5.962920695152266,0,False,False,True
42,44949.45,62,45577.32,2,13.0,3,0,1,0,False,False,False,False,False,False,False,False,False,True,False,True,1.0139458003201303,0,False,True,False
34,39858.26,57,57116.07,1,11.0,1,1,0,0,False,False,False,False,False,False,True,False,True,False,False,True,1.4329435619226247,0,True,False,False
73,15736.75,59,43703.1,1,1.0,1,1,1,0,False,False,False,False,False,False,False,False,False,True,False,False,2.7769598576670744,0,True,False,False
44,34708.43,64,86495.95999999999,0,1.0,2,1,1,0,True,False,False,False,False,False,True,False,False,False,False,True,2.4920017413135276,0,False,True,False
35,39374.41,123,132889.43,1,9.0,3,1,1,1,False,False,False,False,False,False,False,True,False,True,True,False,3.3749345086184497,0,False,False,True
43,41672.9,82,115987.53,3,13.0,2,1,0,0,False,False,False,False,False,False,True,False,False,True,False,False,2.783217553432724,1,False,True,False
18,37127.14,133,128949.94,1,1.0,1,0,0,0,True,False,False,False,False,False,False,False,False,False,False,True,3.4731053050327865,0,False,False,True
35,38494.78,75,86769.09,2,3.0,1,1,0,0,False,True,False,True,False,False,False,False,False,True,True,False,2.2539896580871983,0,False,True,False
47,52683.34,56,119956.35,0,7.0,2,1,1,0,False,True,False,False,True,False,False,False,False,False,False,False,2.2768881606944307,0,True,False,False
70,49712.41,35,5741.98,3,1.0,2,0,0,1,True,False,False,False,False,True,False,False,False,False,False,True,0.11550163225576357,1,True,False,False
60,5000.0,100,123838.94,3,4.0,2,1,0,1,False,True,False,False,True,False,False,False,False,True,False,False,24.762835432913416,1,False,True,False
62,31190.74,162,92970.39,3,0.0,1,1,1,1,False,False,True,False,False,False,False,False,True,False,True,False,2.98060928951062,1,False,False,True
49,33024.19,155,113219.93,1,7.0,1,1,1,0,False,True,False,False,False,True,False,False,False,False,False,False,3.428290041631857,0,False,False,True
24,34983.29,46,102101.05,1,11.0,1,0,1,0,False,True,False,True,False,False,False,False,False,False,False,False,2.9184828390114532,0,True,False,False
40,36130.2,86,40582.52,0,6.0,2,1,1,0,False,False,False,False,False,False,True,False,False,False,False,False,1.12319878664423,0,False,True,False
74,49985.09,127,17588.21,4,4.0,1,0,0,0,False,True,False,False,True,False,False,False,False,True,False,True,0.35186208803289076,1,False,False,True
20,21961.19,111,52957.56,1,6.0,1,0,0,0,True,False,False,False,False,True,False,False,False,False,False,False,2.4113059763165694,0,False,True,False
68,39036.81,13,110421.28,0,8.0,2,1,0,0,True,False,False,True,False,False,False,False,False,False,False,False,2.828572606916218,0,False,False,False
57,24010.12,107,116054.11,1,2.0,2,0,0,0,False,True,False,False,False,False,False,True,False,False,True,False,4.833348465211119,0,False,True,False
34,26937.06,7,23442.6,2,1.0,1,1,0,0,False,False,False,False,True,False,False,False,True,False,False,False,0.8702408413968934,0,False,False,False
62,52728.72,21,40850.53,0,2.0,2,1,0,0,False,False,False,False,False,False,False,True,False,False,False,False,0.7747154735507793,0,False,False,False
65,28489.31,118,86495.95999999999,1,15.0,1,1,1,0,False,False,True,False,False,False,False,False,False,True,False,True,3.03597819749943,0,False,True,False
20,40546.55,19,68921.27,1,11.0,1,0,0,0,False,False,False,False,False,False,False,False,False,False,False,True,1.6997641041197311,0,False,False,False
24,12545.38,62,23707.71,2,2.0,1,1,1,0,False,True,False,False,True,False,False,False,False,False,False,False,1.889605607354472,0,False,True,False
55,57347.81,106,21007.67,0,4.0,1,1,1,0,False,True,False,False,False,False,True,False,False,False,False,True,0.3663139653638846,0,False,True,False
74,42231.83,118,48017.41,1,6.0,3,0,1,1,False,False,True,True,False,False,False,False,False,False,True,False,1.1369687989178088,0,False,True,False
19,32810.0,81,88881.42,0,7.0,2,1,0,0,False,True,False,False,True,False,False,False,False,True,False,False,2.7088909207278045,0,False,True,False
55,41906.56,17,31873.25,2,13.0,1,0,0,0,False,False,False,True,False,False,False,False,False,False,False,False,0.7605608630041931,0,False,False,False
25,18082.17,144,79788.84,2,7.0,2,0,0,1,False,True,False,False,False,False,False,True,False,False,False,False,4.412325936215829,0,False,False,True
55,49190.37,171,132634.88,1,3.0,1,1,1,1,False,False,False,False,False,False,False,True,False,False,False,True,2.6963038435400355,0,False,False,True
53,31112.18,160,26419.91,1,0.0,1,0,0,0,False,False,False,True,False,False,False,False,False,False,False,False,0.8491549240546932,0,False,False,True
23,32551.17,135,75709.94,1,4.0,2,0,1,1,False,False,False,False,False,False,True,False,False,False,False,True,2.325803164581655,0,False,False,True
56,29100.13,73,206440.68124999997,1,9.0,1,1,0,1,False,False,True,True,False,False,False,False,False,False,False,False,7.093906018426087,0,False,True,False
69,28032.18,158,66177.92,1,7.0,1,1,0,0,False,False,False,False,False,False,True,False,False,False,False,False,2.3606997136964125,0,False,False,True
67,43336.05,88,59184.86,2,5.0,1,1,0,0,False,False,False,False,False,False,False,False,False,True,False,False,1.365687327586903,0,False,True,False
19,38070.88,25,137357.31,0,4.0,1,0,0,1,False,False,True,False,False,False,False,False,True,False,False,True,3.607841535537515,0,True,False,False
32,42820.98,154,71220.91,0,3.0,3,0,0,0,True,False,False,False,False,False,False,True,False,True,False,False,1.6631858218606426,0,False,False,True
31,34894.46,58,134702.28,1,0.0,1,1,0,1,False,False,False,False,False,False,True,False,False,False,False,False,3.860166336824332,0,True,False,False
43,41158.4,169,104303.44,1,0.0,1,1,1,0,False,False,True,False,False,True,False,False,True,False,True,False,2.534134122460483,0,False,False,True
26,29973.82,67,69571.99,0,6.0,1,1,0,0,False,False,False,False,True,False,False,False,True,False,True,False,2.3210144381183944,0,False,True,False
66,61756.78,157,106586.07,2,9.0,2,1,1,1,False,False,False,False,False,False,False,True,False,True,True,False,1.725872756436517,0,False,False,True
62,16184.84,97,99420.23,1,0.0,1,0,0,1,False,False,False,False,False,False,False,True,False,False,False,True,6.14242016478601,0,False,True,False
64,50131.25,85,130939.73,1,3.0,1,0,0,1,False,False,True,False,False,False,False,True,False,True,False,False,2.61188616110388,0,False,True,False
29,51414.89,54,60324.45,2,14.0,1,1,0,1,True,False,False,False,False,False,False,True,True,False,False,False,1.1732647241932406,0,True,False,False
18,24774.09,151,86854.27,5,15.0,1,1,0,0,False,False,True,False,False,True,False,False,False,True,False,False,3.5057095655353825,1,False,False,True
69,61751.28,11,82231.79,1,10.0,1,0,1,0,False,False,False,True,False,False,False,False,False,True,False,False,1.3316397386460872,0,False,False,False
34,64526.87375,85,116686.67,1,8.0,1,1,0,0,False,False,True,False,False,False,True,False,False,True,False,False,1.8083141938331728,0,False,True,False
55,46653.67,67,38866.94,1,9.0,1,0,1,1,True,False,False,False,False,False,False,False,True,False,True,False,0.8330771603357178,0,False,True,False
69,35336.27,98,130763.97,1,5.0,1,0,0,0,False,True,False,False,False,False,False,True,False,False,False,False,3.7004547889522876,0,False,True,False
20,34983.29,46,105984.79,1,3.0,2,1,0,0,False,False,False,False,False,False,False,False,False,False,False,False,3.029496668361713,0,True,False,False
18,32487.09,120,25738.37,0,6.0,1,1,0,0,False,False,False,True,False,False,False,False,True,False,False,False,0.7922401717060006,0,False,True,False
18,39686.37,70,139371.83,4,11.0,1,0,1,1,False,False,False,False,False,False,False,True,False,False,False,False,3.51174265263735,1,False,True,False
26,51814.24,34,185534.19,1,10.0,1,1,1,1,False,False,True,False,False,False,False,True,False,False,True,False,3.5806876509690975,0,True,False,False
20,37175.77,36,130082.53,1,10.0,1,0,0,0,False,False,False,False,False,False,True,False,False,False,False,True,3.499027215113094,0,True,False,False
64,34983.29,126,149214.31,0,9.0,2,1,1,1,False,False,False,False,False,False,False,False,False,False,False,True,4.26518045671357,0,False,False,True
52,44893.12,48,88841.71,2,0.0,2,1,1,0,False,True,False,False,False,False,False,True,False,False,True,False,1.9789163926144449,0,True,False,False
73,34983.29,56,10232.28,2,10.0,2,1,0,0,False,True,False,False,False,False,False,False,False,True,False,False,0.2924821398404827,0,True,False,False
63,42855.91,113,2014.58,1,14.0,1,0,0,0,False,False,False,False,False,True,False,False,False,False,False,False,0.04700712207202992,0,False,True,False
72,43945.99,60,96478.69,0,10.0,1,0,1,0,False,False,False,False,True,False,False,False,False,True,False,True,2.1953423886368557,0,True,False,False
31,31748.86,70,58360.95,1,9.0,1,0,0,0,False,False,False,False,True,False,False,False,False,False,False,False,1.8381482627010008,0,False,True,False
34,23852.13,45,43844.07,0,3.0,3,1,0,0,False,False,False,False,False,False,False,False,True,False,False,False,1.8380845616487227,0,True,False,False
66,24581.68,63,82176.4,1,12.0,1,0,0,1,False,True,False,False,False,False,True,False,False,True,False,False,3.3428576542508788,0,False,True,False
31,15374.44,125,112701.34,2,7.0,2,1,1,0,False,False,True,False,False,True,False,False,True,False,True,False,7.329958687361142,0,False,False,True
21,37843.38,97,19625.91,1,4.0,1,1,1,0,False,False,False,True,False,False,False,False,False,False,False,False,0.5185950991930638,0,False,True,False
56,33998.61,180,64800.51,1,7.0,1,1,1,0,False,False,False,False,False,False,False,False,False,False,False,False,1.905919214955701,0,False,False,True
63,29720.15,139,152944.18,1,1.0,2,1,0,1,False,False,False,False,False,False,False,True,True,False,False,True,5.145971135033469,0,False,False,True
73,5000.0,4,36612.02,1,14.0,1,0,0,0,False,False,False,False,False,False,True,False,True,False,False,True,7.320939812037592,0,False,False,False
70,20032.19,69,124139.25,0,11.0,1,1,1,0,False,False,False,False,False,False,False,True,False,False,False,False,6.19667911101527,0,False,True,False
24,48450.09,53,63187.12,1,7.0,1,1,1,0,False,False,True,False,False,True,False,False,False,True,False,False,1.3041423835872425,0,True,False,False
62,27024.49,106,86495.95999999999,1,12.0,3,1,1,0,False,False,False,False,False,True,False,False,False,True,False,True,3.2005325342852244,0,False,True,False
66,39327.1,48,134379.74,0,0.0,1,0,1,0,False,True,False,True,False,False,False,False,False,False,False,True,3.416888687732181,0,True,False,False
57,18311.77,174,118357.68,1,6.0,2,1,0,1,False,False,False,False,False,False,False,True,False,True,False,True,6.4631227280198456,0,False,False,True
64,52264.47,54,125912.18,3,10.0,1,0,1,1,True,False,False,False,False,False,False,False,False,False,False,True,2.409089213203287,1,True,False,False
65,33271.67,94,33178.29,2,0.0,1,1,1,0,False,False,False,False,True,False,False,False,False,False,False,False,0.9971634377403438,0,False,True,False
43,38480.48,23,135114.69,1,11.0,1,0,0,0,False,False,False,False,False,True,False,False,True,False,False,False,3.511161472999479,0,False,False,False
20,62909.36,164,46628.81,1,13.0,1,1,1,0,False,True,False,False,False,True,False,False,False,True,False,False,0.7411944550945185,0,False,False,True
44,53197.28,165,96679.38,0,9.0,3,1,1,1,False,False,True,False,False,False,False,True,True,False,False,False,1.8173403350634645,0,False,False,True
29,31321.21,143,96621.08,1,3.0,2,0,0,0,False,False,False,True,False,False,False,False,False,True,False,False,3.084746574395613,0,False,False,True
24,27881.36,64,86495.95999999999,0,11.0,3,0,1,0,False,False,False,False,False,False,True,False,True,False,False,False,3.1021749952299587,0,False,True,False
25,31093.46,11,100163.05,0,5.0,3,1,1,0,False,False,False,False,True,False,False,False,False,False,False,False,3.2212506665174443,0,False,False,False
57,41118.78,128,47028.55,0,11.0,1,1,0,0,False,False,False,False,False,False,False,True,False,False,False,False,1.1436965372869214,0,False,False,True
46,33737.31,78,24255.97,1,10.0,1,1,0,0,False,False,True,False,True,False,False,False,False,False,False,False,0.7189444284553673,0,False,True,False
48,30257.07,179,124255.69,2,1.0,2,0,1,0,False,False,False,False,True,False,False,False,False,True,False,False,4.106530588368657,0,False,False,True
60,52606.18,126,93362.56,0,1.0,1,0,0,0,False,False,False,False,False,True,False,False,False,True,False,False,1.7747113606925897,0,False,False,True
49,33629.48,97,136721.96,2,0.0,2,0,1,1,False,False,False,False,False,False,False,False,False,True,True,False,4.065418037446982,0,False,True,False
53,34983.29,178,206440.68124999997,0,1.0,1,0,0,0,False,False,False,False,False,False,False,True,False,False,False,False,5.900953863862893,0,False,False,True
22,36088.91,145,21767.6,1,4.0,1,0,0,0,False,False,True,False,False,True,False,False,False,False,True,False,0.6031491904524006,0,False,False,True
66,56423.82,83,128475.84,1,0.0,1,1,0,0,True,False,False,False,False,False,False,False,True,False,False,False,2.2769384111460167,0,False,True,False
43,39287.83,4,68333.32,1,15.0,1,1,1,1,False,False,False,False,False,False,False,True,True,False,False,False,1.7392556612146506,0,False,False,False
26,46555.53,17,100390.16,0,14.0,1,1,0,1,True,False,False,False,False,False,False,True,False,False,False,True,2.1563067522429185,0,False,False,False
64,26304.67,80,55864.33,0,2.0,1,1,0,0,False,False,True,False,False,False,False,True,False,True,False,False,2.1236611726673376,0,False,True,False
59,24754.89,102,158993.58,1,4.0,1,1,1,1,True,False,False,False,False,True,False,False,False,True,False,False,6.422454615851016,0,False,True,False
21,40516.47,6,45554.58,0,11.0,1,0,0,0,False,False,False,False,False,False,False,False,False,True,False,True,1.1243194602229607,0,False,False,False
29,46862.64,23,69815.66,1,10.0,1,0,0,0,False,False,False,False,False,False,False,True,False,False,False,False,1.4897617854695027,0,False,False,False
18,35483.08,127,89835.19,0,7.0,1,0,0,1,False,False,False,False,False,False,False,True,False,True,False,True,2.531704076870529,0,False,False,True
33,19563.28,136,35851.8,1,15.0,1,1,0,0,False,False,False,False,True,False,False,False,False,False,True,False,1.832513131073569,0,False,False,True
23,18676.9,6,99873.38,0,10.0,2,0,0,0,False,False,False,False,False,False,True,False,False,False,False,False,5.347141809304044,0,False,False,False
58,17874.36,92,157535.97,2,10.0,1,1,0,1,False,False,False,False,True,False,False,False,True,False,True,False,8.813023625817886,0,False,True,False
47,13788.53,15,62929.2,2,8.0,1,1,0,0,False,False,False,False,False,False,True,False,False,False,False,False,4.563549301535295,0,False,False,False
73,36313.82,131,102781.43,2,8.0,1,0,0,0,False,False,False,False,False,False,False,False,False,False,False,True,2.8302888462616638,0,False,False,True
60,48500.53,151,1000.0,1,4.0,1,0,0,1,False,True,False,True,False,False,False,False,False,False,False,False,0.020617906280482285,0,False,False,True
52,34839.01,157,83248.19,0,7.0,1,0,0,0,True,False,False,True,False,False,False,False,False,False,False,False,2.3894421959121135,0,False,False,True
47,7875.02,108,70913.1,3,14.0,1,0,0,1,False,False,False,False,False,True,False,False,False,True,False,False,9.003671905353212,1,False,True,False
21,32710.87,114,48167.61,1,6.0,1,0,0,0,False,True,False,False,False,False,False,True,False,False,False,True,1.4724810901975338,0,False,True,False
22,33046.41,167,133665.27,3,2.0,1,1,0,1,False,False,False,False,False,False,True,False,False,True,False,False,4.044651910694363,1,False,False,True
53,34983.29,111,70319.03,0,9.0,1,1,1,1,False,False,False,False,False,False,False,False,True,False,False,False,2.0100173535035295,0,False,True,False
18,17514.35,81,77013.51,0,12.0,1,0,0,0,True,False,False,False,False,True,False,False,False,False,False,True,4.396915277171167,0,False,True,False
20,34983.29,136,68026.32,1,15.0,1,0,1,0,False,False,False,True,False,False,False,False,True,False,False,False,1.9444819374639304,0,False,False,True
30,55470.23,107,1000.0,2,8.0,1,1,1,0,False,False,False,True,False,False,False,False,False,False,False,False,0.01802736301322325,0,False,True,False
68,40399.74,152,34060.61,1,12.0,1,1,0,0,False,False,False,False,False,False,False,False,False,False,True,False,0.8430689635882908,0,False,False,True
44,41759.76,95,128249.21,0,4.0,2,1,0,0,False,False,False,False,False,False,False,False,False,False,False,False,3.0710458813489026,0,False,True,False
58,36375.01,157,1000.0,2,6.0,1,1,0,1,False,False,True,False,False,False,False,True,False,False,False,True,0.02749064562056146,0,False,False,True
41,38959.32,9,50515.81,0,6.0,1,0,1,0,False,False,False,False,True,False,False,False,False,False,False,False,1.2965963831919245,0,False,False,False
27,44331.31,7,67012.6,1,5.0,1,1,1,0,False,False,False,False,True,False,False,False,False,False,False,True,1.5115972977722119,0,False,False,False
39,25286.16,18,163462.98,1,11.0,1,1,1,0,False,False,False,False,True,False,False,False,True,False,True,False,6.464268031680901,0,False,False,False
23,45536.7,101,119587.17,0,14.0,1,0,1,0,False,False,False,False,False,True,False,False,False,True,False,False,2.626113527912038,0,False,True,False
61,18523.96,128,59927.33,1,5.0,2,1,1,0,False,False,False,False,False,False,True,False,True,False,False,False,3.2349505747920646,0,False,False,True
28,38940.42,39,143703.12,0,2.0,2,1,0,0,False,True,False,False,False,True,False,False,False,True,False,False,3.6902383118027027,0,True,False,False
39,37144.89,29,86495.95999999999,2,13.0,1,1,1,0,True,False,False,False,False,False,False,False,False,True,False,False,2.328547249776489,0,True,False,False
73,27604.48,155,130409.49,0,13.0,1,1,0,0,False,False,False,False,False,True,False,False,False,False,False,False,4.724043559467178,0,False,False,True
51,34727.78,136,23850.52,4,14.0,2,1,1,0,True,False,False,False,True,False,False,False,False,True,False,False,0.6867652707639025,1,False,False,True
44,27529.52,117,133296.6,1,4.0,1,1,0,0,False,False,False,False,False,False,True,False,False,False,False,True,4.841775600315577,0,False,True,False
48,22139.58,88,66723.99,3,11.0,1,1,0,0,False,False,False,False,False,False,True,False,True,False,False,False,3.0136514038927618,1,False,True,False
62,30756.62,76,38717.31,0,11.0,2,1,1,0,False,False,False,False,False,False,False,False,True,False,False,False,1.2587875784927443,0,False,True,False
32,21752.14,4,75228.54,1,12.0,1,1,1,0,False,False,False,False,False,False,False,True,False,False,False,False,3.4582841833408877,0,False,False,False
54,38873.57,34,97480.49,2,12.0,1,1,0,0,True,False,False,False,False,False,True,False,False,True,False,False,2.5075644566615143,0,True,False,False
67,21198.97,162,62736.32,0,15.0,1,0,1,0,False,True,False,False,False,True,False,False,False,True,False,False,2.9592645649970257,0,False,False,True
50,43543.72,62,109927.91,3,7.0,1,1,0,0,False,False,False,True,False,False,False,False,False,True,False,True,2.5244831061033346,1,False,True,False
43,20822.25,127,58765.28,1,1.0,1,1,0,0,False,False,False,False,True,False,False,False,False,False,False,False,2.822099336078662,0,False,False,True
26,28204.46,127,112916.76,1,3.0,1,0,0,0,False,False,True,False,True,False,False,False,False,True,False,False,4.003365305866311,0,False,False,True
32,27504.76,56,104899.99,3,14.0,1,1,0,1,False,False,False,True,False,False,False,False,True,False,False,False,3.81374628441461,1,True,False,False
71,50901.76,37,82258.46,0,13.0,1,1,0,0,False,False,False,False,False,False,False,True,False,False,True,False,1.6159921387366816,0,True,False,False
48,38963.48,125,65137.8,1,0.0,1,0,0,1,False,True,False,True,False,False,False,False,False,True,True,False,1.671722553464078,0,False,False,True
35,32459.19,17,91819.34,1,5.0,2,1,1,0,True,False,False,False,False,True,False,False,False,False,True,False,2.8286753712778636,0,False,False,False
41,40984.63,90,86495.95999999999,1,3.0,1,1,1,0,False,True,False,False,False,True,False,False,True,False,True,False,2.1103972294679867,0,False,True,False
50,9713.69,160,177780.96,2,5.0,2,0,1,1,False,False,False,False,True,False,False,False,False,False,False,False,18.300219564391657,0,False,False,True
48,34482.4,129,127273.92,2,10.0,1,0,0,0,False,False,False,False,False,False,False,True,False,False,False,True,3.690875029724447,0,False,False,True
57,34983.29,138,128919.55,0,8.0,1,1,0,0,False,False,False,False,False,False,False,False,False,False,False,False,3.6850697841802704,0,False,False,True
32,36588.16,15,206440.68124999997,1,7.0,1,1,1,0,False,True,False,True,False,False,False,False,True,False,False,False,5.642126828000423,0,False,False,False
55,35814.96,36,108218.13,2,7.0,1,1,0,0,False,False,False,False,True,False,False,False,False,True,False,False,3.0215057756374533,0,True,False,False
43,41577.54,50,106808.96,3,10.0,1,0,1,0,False,False,False,False,True,False,False,False,False,False,False,False,2.5688482568170987,1,True,False,False
71,45747.26,53,116680.68,1,10.0,2,1,1,0,False,False,False,False,False,False,False,True,False,False,False,False,2.550494379458366,0,True,False,False
27,11030.4,35,39596.53,0,0.0,2,1,1,0,True,False,False,True,False,False,False,False,False,True,False,False,3.5894383305836066,0,True,False,False
26,14812.08,175,65024.43,1,7.0,2,1,0,0,True,False,False,True,False,False,False,False,False,False,False,False,4.389663054543687,0,False,False,True
44,37523.5,30,62222.38,0,5.0,1,0,0,0,False,False,True,False,False,False,False,True,False,False,False,False,1.658180122320084,0,True,False,False
46,26421.48,128,114142.63,1,6.0,1,1,0,0,False,False,False,False,False,False,False,False,True,False,True,False,4.319906004281203,0,False,False,True
57,50744.3,106,77162.14,1,15.0,1,1,1,0,False,False,True,False,False,False,True,False,False,False,False,True,1.5205770780742256,0,False,True,False
41,31217.91,110,91220.05,1,14.0,1,1,0,0,False,False,False,True,False,False,False,False,False,True,False,True,2.92194858821144,0,False,True,False
70,11785.63,39,133935.46,2,10.0,2,0,0,0,False,False,False,False,False,False,True,False,False,False,False,True,11.36333795156037,0,True,False,False
45,19783.83,56,123841.78,1,0.0,2,1,1,1,False,False,False,False,True,False,False,False,False,True,True,False,6.259431089375041,0,True,False,False
25,5000.0,110,206440.68124999997,1,1.0,1,0,0,0,False,False,False,False,False,False,False,True,False,True,False,False,41.2798802739452,0,False,True,False
24,32190.49,54,54850.22,1,7.0,2,1,1,0,False,False,False,False,False,False,False,False,False,False,False,False,1.7038732907361542,0,True,False,False
73,32739.39,125,136087.36,2,9.0,2,1,1,1,False,True,False,False,False,False,False,False,False,True,True,False,4.156558916982968,0,False,False,True
25,29906.45,8,119825.1,1,10.0,1,1,0,1,False,False,False,True,False,False,False,False,True,False,False,True,4.006530145498864,0,False,False,False
72,47946.55,14,12718.44,0,2.0,2,1,1,0,False,False,False,False,False,False,True,False,True,False,False,False,0.265257348915638,0,False,False,False
33,34983.29,132,70908.07,2,14.0,1,1,0,1,False,False,True,True,False,False,False,False,False,False,True,False,2.0268546253189648,0,False,False,True
23,34983.29,112,86495.95999999999,2,7.0,1,0,0,0,False,False,True,False,False,False,True,False,False,False,False,True,2.472422907539355,0,False,True,False
35,9383.68,8,120047.34,1,9.0,1,1,1,0,False,False,False,False,False,False,True,False,True,False,True,False,12.791841597156216,0,False,False,False
53,42407.38,162,125954.57,0,0.0,1,0,1,1,False,False,True,False,True,False,False,False,False,False,False,False,2.970039647824322,0,False,False,True
42,41664.32,1,97775.77,1,13.0,1,1,0,0,False,False,False,False,False,True,False,False,False,False,True,False,2.3466943251605894,0,False,False,False
62,38712.7,172,111336.14,3,8.0,3,1,0,1,False,False,False,True,False,False,False,False,False,False,True,False,2.8758847643082426,1,False,False,True
52,46777.76,132,87886.16,2,3.0,1,1,0,0,False,False,True,True,False,False,False,False,True,False,False,True,1.878762070649158,0,False,False,True
40,21022.06,178,54676.67,2,5.0,1,1,1,1,False,False,True,False,False,False,True,False,False,False,False,False,2.600795031741335,0,False,False,True
54,59105.06,171,73243.1,2,5.0,1,1,0,0,False,False,False,False,False,True,False,False,False,False,False,False,1.2391808894045722,0,False,False,True
73,23486.87,57,85854.6,2,0.0,1,0,0,1,False,False,False,False,True,False,False,False,False,True,False,False,3.6552739775892835,0,True,False,False
41,43990.68,137,83439.43,1,15.0,2,0,1,0,False,False,False,False,False,False,False,True,False,False,False,True,1.8967093323101094,0,False,False,True
26,34983.29,38,1000.0,0,12.0,1,0,0,0,False,False,False,False,False,True,False,False,False,False,False,True,0.02858425882017328,0,True,False,False
41,23836.82,85,67113.25,0,14.0,3,0,0,0,False,True,False,False,True,False,False,False,False,True,False,True,2.81541055348182,0,False,True,False
65,53196.42,44,87529.25,0,5.0,1,1,0,0,False,False,False,False,True,False,False,False,False,False,False,True,1.645366448222489,0,True,False,False
30,31869.2,88,72338.35,3,8.0,1,1,1,0,False,False,False,False,True,False,False,False,True,False,False,False,2.2697802335724284,1,False,True,False
72,45079.07,158,73892.93,3,7.0,1,1,0,1,False,False,False,False,False,True,False,False,False,False,False,False,1.6391485195120592,1,False,False,True
51,37843.46,79,106959.61,0,7.0,1,0,1,0,True,False,False,False,False,False,False,True,True,False,False,True,2.8262950508476012,0,False,True,False
52,33740.5,17,36446.93,2,9.0,3,1,0,0,False,False,False,False,True,False,False,False,False,True,True,False,1.080181082643036,0,False,False,False
36,51366.2,59,11738.1,1,7.0,1,1,1,0,False,False,False,False,False,False,False,True,False,False,False,False,0.2285135261411952,0,True,False,False
70,32160.09,142,86495.95999999999,0,12.0,1,0,1,0,False,False,False,False,False,True,False,False,False,False,False,False,2.6894598410688193,0,False,False,True
20,13631.14,94,119385.15,2,0.0,1,1,0,1,False,False,False,False,False,False,True,False,False,True,False,False,8.757623527927384,0,False,True,False
35,34983.29,101,160939.89,2,3.0,2,1,1,1,False,True,False,False,False,False,False,True,False,False,False,False,4.6003474702502185,0,False,True,False
41,41614.3,78,120195.77,2,14.0,1,1,0,0,False,False,True,False,False,False,True,False,False,False,False,True,2.888259125850348,0,False,True,False
45,39746.11,53,18928.13,2,14.0,1,0,1,0,False,False,True,False,False,False,True,False,True,False,False,False,0.4762139939230802,0,True,False,False
45,16195.3,108,74543.47,0,13.0,2,0,0,0,False,False,False,False,False,False,False,False,False,True,False,False,4.602499953693128,0,False,True,False
26,26307.89,114,96548.55,2,5.0,1,0,1,0,False,False,True,False,False,False,False,False,True,False,False,False,3.6698070500123725,0,False,True,False
30,28019.34,162,92991.6,0,7.0,1,1,0,0,False,False,True,False,False,False,False,False,False,False,False,False,3.3187177600271807,0,False,False,True
23,30614.36,112,109268.7,1,0.0,1,1,0,0,True,False,False,False,False,False,True,False,False,False,True,False,3.56908101031639,0,False,True,False
50,18489.04,180,43732.8,0,4.0,1,1,1,0,False,False,True,False,False,False,False,False,False,True,True,False,2.3652085122584916,0,False,False,True
37,27459.55,149,87922.44,4,11.0,3,1,1,0,True,False,False,False,False,False,False,True,False,False,False,False,3.20177272487259,1,False,False,True
50,26256.67,15,103914.53,1,5.0,1,1,1,0,False,False,False,False,False,False,False,False,False,False,False,False,3.9574924203099515,0,False,False,False
51,44258.4,71,122155.19,0,7.0,2,1,0,0,False,True,False,False,False,False,False,True,False,False,False,False,2.7599829640709093,0,False,True,False
58,44709.46,70,48742.68,3,1.0,1,1,1,0,False,False,False,False,True,False,False,False,False,False,False,False,1.0901851602510912,1,False,True,False
49,33250.27,1,69467.94,4,7.0,1,1,1,0,False,False,False,False,True,False,False,False,False,True,True,False,2.089181556072896,1,False,False,False
54,30295.52,33,1000.0,4,11.0,1,0,1,0,False,True,False,True,False,False,False,False,False,False,False,False,0.03300709124348275,1,True,False,False
51,36679.09,138,57034.21,0,7.0,1,1,0,0,False,False,False,False,False,False,False,False,True,False,False,False,1.5549092164168627,0,False,False,True
55,25201.1,64,61401.33,0,8.0,1,1,0,0,False,False,False,False,False,False,False,True,False,False,False,False,2.4363576844786747,0,False,True,False
53,21238.02,27,39118.7,3,14.0,1,1,0,0,False,False,False,False,False,True,False,False,False,False,False,True,1.8418316852660808,1,True,False,False
36,23717.35,52,92452.55,1,3.0,1,1,0,0,False,False,False,False,True,False,False,False,False,False,False,False,3.8979334565853025,0,True,False,False
32,27382.24,50,82482.46,1,4.0,2,0,0,0,False,True,False,True,False,False,False,False,False,True,False,False,3.0121512282695546,0,True,False,False
62,21038.31,32,1000.0,1,9.0,1,1,0,0,True,False,False,False,False,False,False,False,True,False,False,False,0.04753007584374202,0,True,False,False
37,36944.71,19,94697.86,1,7.0,2,0,0,0,False,False,False,True,False,False,False,False,True,False,True,False,2.5631625430936364,0,False,False,False
49,43756.59,138,43225.41,0,15.0,1,0,1,0,False,True,False,False,False,False,False,False,False,False,False,False,0.987837995648298,0,False,False,True
29,15954.82,149,86495.95999999999,0,0.0,1,0,0,1,False,False,True,False,False,False,False,False,False,False,False,False,5.4209661427617,0,False,False,True
42,35301.54,90,86495.95999999999,3,1.0,1,0,0,0,False,True,False,False,False,False,False,True,True,False,True,False,2.450134182979468,1,False,True,False
48,32360.77,111,86350.29,1,5.0,2,0,0,0,False,False,False,False,False,False,True,False,False,False,False,False,2.668280814059305,0,False,True,False
53,39098.1,166,72257.65,1,7.0,1,1,1,0,False,False,False,False,False,False,False,True,False,True,False,True,1.8480642776943714,0,False,False,True
48,34844.73,152,98639.58,3,7.0,1,1,1,0,False,False,False,True,False,False,False,False,False,False,False,False,2.8307508552697844,1,False,False,True
38,17556.81,6,90611.38,1,7.0,1,0,0,0,False,False,False,False,False,False,False,True,False,False,False,True,5.160744990405979,0,False,False,False
72,19851.33,172,73517.61,0,6.0,1,1,0,0,False,False,True,False,True,False,False,False,False,False,False,True,3.703223248857942,0,False,False,True
47,35353.08,13,15867.75,2,2.0,2,1,0,0,False,False,False,False,False,True,False,False,False,False,False,False,0.44882372840701834,0,False,False,False
64,47345.37,5,18525.64,0,6.0,1,1,0,0,False,False,False,False,True,False,False,False,True,False,False,False,0.39127899351101253,0,False,False,False
59,8429.75,73,58725.09,4,8.0,3,1,0,0,False,False,True,False,True,False,False,False,False,True,False,False,6.9655831331732045,1,False,True,False
49,39148.72,135,84627.41,4,9.0,1,1,1,0,False,False,False,False,False,False,True,False,True,False,False,False,2.1616351279140695,1,False,False,True
68,64526.87375,15,57628.84,2,9.0,1,1,1,0,False,False,False,False,False,False,True,False,False,True,False,False,0.8930844401176321,0,False,False,False
25,33163.69,53,113134.54,0,6.0,1,1,1,0,False,False,True,False,True,False,False,False,False,False,True,False,3.4112949646144735,0,True,False,False
70,41602.43,48,72435.06,2,2.0,1,1,0,0,False,True,False,False,True,False,False,False,False,True,True,False,1.741083848134637,0,True,False,False
66,26563.17,72,41574.43,2,2.0,1,1,0,0,False,False,False,False,False,True,False,False,False,False,False,False,1.5650566157346533,0,False,True,False
46,33567.61,178,72485.67,1,2.0,1,0,0,0,False,True,False,False,False,False,False,False,True,False,True,False,2.159328908763276,0,False,False,True
59,15549.04,60,95163.69,2,9.0,1,1,0,0,True,False,False,False,False,False,True,False,False,False,False,False,6.119835704602689,0,True,False,False
47,6867.88,38,99619.81,3,13.0,1,0,0,1,False,False,True,False,False,False,False,False,True,False,False,True,14.503064546185113,1,True,False,False
33,46313.19,23,169527.06,2,14.0,1,1,0,1,False,False,False,False,False,True,False,False,False,True,False,False,3.6603697484507447,0,False,False,False
63,23180.06,36,54899.08,2,4.0,3,1,0,0,False,False,True,False,False,True,False,False,False,True,False,False,2.368273064303358,0,True,False,False
32,29533.67,24,81693.46,1,1.0,1,0,0,0,True,False,False,False,False,False,True,False,False,True,False,False,2.7660190548937913,0,False,False,False
35,18362.69,104,104175.58,0,10.0,1,0,0,1,False,False,False,False,False,False,True,False,False,True,False,True,5.672911054368703,0,False,True,False
47,18080.36,76,83945.97,1,0.0,1,0,1,0,False,True,False,True,False,False,False,False,False,True,False,False,4.642680086011229,0,False,True,False
65,32913.95,90,62472.18,3,10.0,1,0,0,0,False,True,False,False,False,False,False,True,False,True,False,False,1.8979879963360116,1,False,True,False
39,26245.07,150,15283.43,1,6.0,1,0,1,0,False,False,False,True,False,False,False,False,False,False,False,True,0.58231308534954,0,False,False,True
46,34983.29,105,62012.44,1,13.0,3,0,1,0,False,False,True,False,False,False,True,False,False,True,False,False,1.7725796350304666,0,False,True,False
20,40430.46,28,36683.39,2,7.0,1,0,0,0,False,False,False,False,True,False,False,False,False,False,False,False,0.9072981782008367,0,True,False,False
24,38850.2,68,7302.7,0,11.0,2,0,0,0,True,False,False,False,False,False,False,False,False,True,True,False,0.1879658800757763,0,False,True,False
21,37863.21,57,49194.45,1,6.0,1,1,1,0,True,False,False,False,False,False,True,False,False,True,True,False,1.299233497807032,0,True,False,False
22,53933.22,149,37880.87,1,13.0,2,1,1,0,False,False,False,False,False,True,False,False,False,False,False,False,0.7023531627972001,0,False,False,True
67,22188.87,56,111270.39,2,8.0,1,1,0,0,False,False,False,False,False,True,False,False,False,True,False,False,5.014467863038405,0,True,False,False
65,34340.78,25,86495.95999999999,0,10.0,3,1,1,1,False,False,False,False,True,False,False,False,False,False,False,False,2.5186801615990784,0,True,False,False
64,48592.28,133,86495.95999999999,1,5.0,1,0,1,0,False,True,False,False,False,False,False,True,False,True,False,False,1.7799983866081892,0,False,False,True
21,50174.48,78,73289.71,0,7.0,1,1,0,0,False,False,False,False,False,False,False,False,False,True,False,True,1.4606678401482158,0,False,True,False
22,17938.84,18,1379.08,1,13.0,1,1,0,0,False,True,False,False,False,False,False,True,False,True,False,True,0.07687248046805323,0,False,False,False
33,31251.73,125,62754.7,2,6.0,1,0,0,0,False,False,False,False,False,False,False,False,False,True,True,False,2.0079749833054583,0,False,False,True
50,51297.45,38,102954.19,0,0.0,1,1,0,1,False,False,False,False,False,False,False,True,False,False,False,False,2.006964927790216,0,True,False,False
37,41096.95,157,122122.21,3,6.0,1,0,1,1,False,True,False,False,False,True,False,False,False,False,True,False,2.9714915220832188,1,False,False,True
45,37343.16,150,52912.88,0,6.0,1,1,1,0,False,False,True,False,False,False,True,False,False,True,False,False,1.4168983851825825,0,False,False,True
27,32387.78,67,132333.47,0,6.0,2,1,0,0,False,False,False,False,False,False,True,False,False,False,False,False,4.085781248938676,0,False,True,False
59,30394.39,101,16793.86,2,1.0,1,1,0,0,False,False,False,False,False,True,False,False,False,False,False,False,0.5525133910109395,0,False,True,False
35,38458.63,103,206440.68124999997,1,7.0,2,1,1,0,False,False,False,True,False,False,False,False,False,False,False,False,5.367724058967806,0,False,True,False
21,31971.51,118,116934.78,1,5.0,1,1,1,0,False,False,False,False,False,False,False,False,False,False,False,False,3.6573537704734473,0,False,True,False
60,34489.06,13,160200.46,3,6.0,1,1,1,1,False,False,False,True,False,False,False,False,True,False,True,False,4.644829843728889,1,False,False,False
69,35943.18,59,107204.44,2,0.0,1,1,1,0,False,False,True,False,False,False,True,False,False,False,False,False,2.9825256828782853,0,True,False,False
18,34983.29,31,83184.59,0,6.0,1,1,1,1,False,False,False,False,False,True,False,False,False,False,False,False,2.377769850409998,0,True,False,False
42,41385.55,126,1000.0,1,5.0,1,1,1,0,False,False,False,True,False,False,False,False,True,False,False,False,0.024162439246566816,0,False,False,True
65,64526.87375,13,1000.0,0,0.0,1,1,0,0,False,False,False,False,False,False,True,False,True,False,False,False,0.015497178845134348,0,False,False,False
58,13676.16,94,90823.43,0,7.0,1,1,1,0,False,False,False,False,True,False,False,False,False,False,False,False,6.640518206996189,0,False,True,False
66,38888.15,132,68887.18,0,4.0,1,1,0,0,False,True,False,False,False,False,False,True,True,False,False,False,1.7713727350687787,0,False,False,True
41,25877.72,171,35237.42,1,7.0,1,0,0,0,False,False,False,True,False,False,False,False,False,False,False,False,1.361636897033547,0,False,False,True
39,41928.83,52,86495.95999999999,0,12.0,1,0,0,0,False,False,False,False,True,False,False,False,False,True,False,True,2.062874092263193,0,True,False,False
58,35558.69,2,90180.91,1,1.0,2,0,0,1,False,False,True,False,False,False,False,True,False,False,False,True,2.536043199476711,0,False,False,False
26,44142.26,131,127498.71,1,9.0,1,0,0,1,False,True,False,True,False,False,False,False,False,False,True,False,2.8882939320747947,0,False,False,True
31,49106.08,1,91147.1,3,10.0,1,1,1,0,True,False,False,False,True,False,False,False,False,False,False,False,1.856088775793633,1,False,False,False
52,37309.05,12,86495.95999999999,0,12.0,1,0,0,1,False,False,False,False,False,False,False,True,False,True,False,False,2.3183019052507294,0,False,False,False
56,48584.63,179,85359.73,0,8.0,2,1,1,0,False,True,False,False,True,False,False,False,False,False,False,False,1.7568925215130482,0,False,False,True
24,6868.43,156,86495.95999999999,1,8.0,1,0,1,0,False,False,True,False,False,False,True,False,False,True,False,False,12.591431894640456,0,False,False,True
46,54085.43,128,132894.05,2,12.0,1,1,1,1,False,True,False,False,False,False,False,False,False,True,False,False,2.4570682516853117,0,False,False,True
38,39500.75,151,40970.16,1,13.0,2,1,0,0,False,False,False,False,False,False,True,False,False,False,False,False,1.0371732897909587,0,False,False,True
46,47934.12,14,206440.68124999997,1,3.0,2,0,1,1,True,False,False,False,True,False,False,False,True,False,False,False,4.306668706576722,0,False,False,False
72,20361.49,17,101886.59,2,12.0,1,0,0,1,False,True,False,False,False,True,False,False,False,False,False,False,5.003641008540703,0,False,False,False
22,25030.76,55,102137.32,1,7.0,1,0,0,0,False,True,False,False,False,False,True,False,False,False,False,False,4.080309175223796,0,True,False,False
74,36751.26,5,108629.32,0,1.0,1,1,0,1,False,False,False,True,False,False,False,False,False,False,False,False,2.955718097336055,0,False,False,False
43,34795.55,160,169471.14,3,9.0,1,1,1,0,True,False,False,False,False,False,True,False,False,False,False,False,4.870343180573936,1,False,False,True
62,38396.82,11,120662.83,1,15.0,2,1,0,0,False,False,False,False,False,False,False,True,False,False,False,False,3.1424395968312786,0,False,False,False
42,48014.18,98,12772.48,0,2.0,1,1,0,0,False,False,True,False,False,True,False,False,False,True,False,False,0.2660092079213282,0,False,True,False
35,13817.36,154,148156.17,1,0.0,1,1,0,0,False,False,False,False,False,False,False,False,False,True,True,False,10.72168983873629,0,False,False,True
61,46685.83,133,69659.65,1,14.0,1,1,0,1,False,False,True,False,False,False,False,False,False,False,False,False,1.4920621083076318,0,False,False,True
57,35099.38,43,89821.98,0,9.0,1,0,0,0,False,False,True,False,False,True,False,False,False,False,False,False,2.5590030649240836,0,True,False,False
26,32554.62,85,27433.57,4,3.0,1,1,0,0,False,False,False,False,True,False,False,False,True,False,False,True,0.842667717586088,1,False,True,False
58,17346.62,99,108679.09,1,12.0,1,0,0,1,False,False,False,False,False,True,False,False,False,False,False,False,6.264783872369812,0,False,True,False
60,41036.58,139,55688.16,1,6.0,1,0,1,0,False,False,False,False,False,True,False,False,False,True,True,False,1.3570039948749415,0,False,False,True
40,6030.71,77,89507.63,1,5.0,1,0,1,0,False,False,False,False,False,True,False,False,True,False,True,False,14.839511514976682,0,False,True,False
70,42780.73,52,72215.54,3,4.0,1,1,1,0,False,False,True,False,False,False,False,False,False,False,True,False,1.687999526900852,1,True,False,False
54,17094.73,144,171625.58,1,9.0,1,1,1,1,True,False,False,False,False,False,False,False,False,True,False,False,10.03909046294016,0,False,False,True
37,35641.49,160,174201.71,1,2.0,1,1,1,1,False,False,False,False,False,False,False,True,True,False,False,True,4.887473069361877,0,False,False,True
18,33569.97,89,87093.09,0,5.0,1,0,1,1,True,False,False,False,False,False,False,True,False,True,False,False,2.5942976923216694,0,False,True,False
56,49034.46,6,87879.0,1,4.0,2,1,0,0,False,False,True,True,False,False,False,False,True,False,False,True,1.7921520467025291,0,False,False,False
29,32856.14,91,68195.07,1,0.0,3,1,0,0,False,False,False,True,False,False,False,False,False,False,True,False,2.0755023109132447,0,False,True,False
61,26670.34,161,134770.28,3,12.0,3,0,0,0,False,False,False,False,True,False,False,False,False,True,False,False,5.052999961756702,1,False,False,True
47,28920.77,179,206440.68124999997,1,0.0,1,0,0,0,False,False,False,False,True,False,False,False,False,False,False,True,7.137899279677557,0,False,False,True
44,50274.59,73,66039.82,0,15.0,1,0,0,0,False,False,False,True,False,False,False,False,False,False,False,False,1.3135563401642827,0,False,True,False
27,41435.56,28,129036.68,0,1.0,1,1,1,0,False,False,False,False,False,False,False,False,True,False,False,True,3.1140780026141166,0,True,False,False
58,30372.44,103,60776.54,1,5.0,1,0,0,0,False,False,False,False,False,False,False,True,False,False,False,False,2.000976511057029,0,False,True,False
27,32162.64,150,83301.02,1,1.0,1,1,1,0,False,False,False,False,True,False,False,False,True,False,False,False,2.5899127088849396,0,False,False,True
41,16193.87,171,13841.01,1,5.0,1,1,0,0,False,False,False,False,True,False,False,False,False,True,False,False,0.8546539737583568,0,False,False,True
65,39661.69,10,116688.57,0,9.0,1,0,0,1,False,False,False,False,False,False,False,False,True,False,False,False,2.9420235995087576,0,False,False,False
70,13882.21,53,172339.01,1,1.0,1,0,0,1,True,False,False,False,False,True,False,False,True,False,False,True,12.413484345479182,0,True,False,False
74,44021.56,86,117455.14,1,8.0,1,1,1,0,False,False,False,False,False,True,False,False,False,True,False,False,2.6680670092788787,0,False,True,False
72,36543.46,18,150780.96,1,7.0,1,1,0,1,False,False,False,True,False,False,False,False,True,False,True,False,4.125959447752135,0,False,False,False
49,63643.42,160,46925.4,0,7.0,1,1,1,0,False,False,True,False,False,False,True,False,False,True,False,False,0.7373057999428702,0,False,False,True
29,21798.37,21,95634.59,0,1.0,2,0,1,0,False,False,False,False,False,False,True,False,False,True,False,False,4.387034579439681,0,False,False,False
65,33768.05,120,42557.8,1,11.0,1,0,1,0,False,False,False,False,False,False,False,True,False,True,False,True,1.2602605048113582,0,False,True,False
63,56579.45,166,74750.55,1,2.0,1,1,1,0,False,False,False,False,False,False,False,True,False,False,False,True,1.3211374246758378,0,False,False,True
74,49296.68,124,119749.52,1,0.0,1,1,0,1,False,False,False,False,True,False,False,False,False,False,False,False,2.4291106599742625,0,False,False,True
55,26645.46,138,89581.93,2,6.0,1,0,0,1,False,False,True,False,False,False,False,False,False,False,False,False,3.3618698318650955,0,False,False,True
26,37687.61,48,21431.15,0,4.0,1,0,1,1,False,False,False,True,False,False,False,False,False,False,False,True,0.5686373150933399,0,True,False,False
46,35023.99,149,25823.69,3,0.0,1,1,0,0,False,False,False,False,True,False,False,False,False,False,False,False,0.7372932868788827,1,False,False,True
43,38383.47,76,22847.62,1,12.0,3,1,0,0,False,False,True,False,False,True,False,False,False,True,False,False,0.5952308316358151,0,False,True,False
66,26615.83,12,107115.37,0,9.0,1,0,0,0,False,True,False,False,False,False,False,False,False,True,False,True,4.024347377204573,0,False,False,False
40,33928.16,66,177875.25,2,14.0,1,1,0,0,False,False,False,False,False,False,False,True,False,True,True,False,5.242548002956748,0,False,True,False
36,15823.37,63,86495.95999999999,1,7.0,1,1,0,1,False,False,False,False,False,False,False,True,True,False,False,True,5.465997066549884,0,False,True,False
22,36621.48,94,86495.95999999999,1,7.0,3,0,0,0,False,False,False,False,False,True,False,False,True,False,False,False,2.361826943451126,0,False,True,False
65,40400.25,48,148948.42,0,13.0,1,1,0,0,False,False,True,False,False,False,False,True,True,False,False,True,3.686728009653167,0,True,False,False
61,32270.97,84,127138.02,2,1.0,3,0,0,1,True,False,False,False,True,False,False,False,False,True,False,False,3.939580385083402,0,False,True,False
20,34983.29,78,15461.5,0,5.0,1,0,1,0,False,False,True,False,False,False,True,False,False,False,False,False,0.4419555177481092,0,False,True,False
42,46862.38,59,71355.93,4,12.0,1,1,0,0,False,False,False,True,False,False,False,False,True,False,False,False,1.5226372916336806,1,True,False,False
45,39374.3,126,86495.95999999999,4,4.0,2,1,1,1,False,False,False,False,True,False,False,False,False,False,True,False,2.196706056842741,1,False,False,True
44,26287.82,55,109769.51,0,14.0,1,1,0,0,True,False,False,False,False,True,False,False,False,False,False,False,4.175520620552767,0,True,False,False
70,31632.79,138,26090.72,1,4.0,1,1,1,0,False,False,False,False,False,False,False,True,False,False,False,True,0.8247737624862529,0,False,False,True
26,16991.97,46,112483.4,0,6.0,3,1,1,1,False,True,False,False,True,False,False,False,False,True,False,True,6.619407908093758,0,True,False,False
35,22695.08,156,1000.0,2,14.0,1,1,0,0,False,False,False,False,True,False,False,False,False,True,False,True,0.044060472116770825,0,False,False,True
28,28546.26,66,74973.0,4,3.0,1,1,0,0,False,False,False,True,False,False,False,False,False,False,False,False,2.62627656734832,1,False,True,False
31,49741.05,8,136208.05,1,15.0,2,0,1,0,False,False,False,False,True,False,False,False,False,True,False,False,2.738287826898971,0,False,False,False
69,27325.96,27,85827.74,0,0.0,2,0,1,0,False,False,False,False,True,False,False,False,False,False,False,False,3.140771604305785,0,True,False,False
71,42682.56,146,62547.81,0,4.0,3,0,0,0,True,False,False,False,True,False,False,False,False,False,False,False,1.4653840963593479,0,False,False,True
20,28540.21,157,125020.58,5,9.0,2,1,0,0,False,False,False,False,False,False,False,True,False,False,False,False,4.3803531805414,1,False,False,True
54,37975.37,39,206440.68124999997,3,9.0,1,1,0,0,False,False,True,True,False,False,False,False,False,False,True,False,5.436029858830635,1,True,False,False
31,33303.25,109,86495.95999999999,0,14.0,2,0,1,1,False,False,True,False,False,False,True,False,False,True,True,False,2.5971448088457176,0,False,True,False
28,45476.68,104,124345.41,1,15.0,1,1,0,1,False,True,False,False,False,True,False,False,False,False,False,False,2.7342074177926405,0,False,True,False
34,28582.26,25,133661.87,1,10.0,1,0,0,0,False,False,True,False,False,True,False,False,False,False,False,False,4.676229023561343,0,True,False,False
29,16129.66,82,117980.89,0,10.0,1,1,1,0,False,True,False,False,False,False,True,False,False,False,False,False,7.314077043344786,0,False,True,False
45,34983.29,125,86495.95999999999,0,5.0,2,1,0,1,False,True,False,False,True,False,False,False,False,True,False,False,2.472422907539355,0,False,False,True
74,28617.47,175,89027.9,3,7.0,1,0,1,1,False,False,False,False,False,False,False,False,True,False,False,True,3.1108546333888567,1,False,False,True
51,20011.28,153,86495.95999999999,0,10.0,2,1,0,1,False,True,False,False,True,False,False,False,False,True,False,True,4.322144203459076,0,False,False,True
59,39922.54,18,30443.43,1,0.0,1,1,0,0,False,True,False,False,True,False,False,False,False,True,False,False,0.7625433516166151,0,False,False,False
46,29410.78,43,42010.98,0,13.0,1,1,1,0,False,False,False,False,False,False,False,False,True,False,False,True,1.42837257724626,0,True,False,False
18,63495.28,79,72309.35,3,7.0,1,1,0,0,False,False,True,False,False,True,False,False,False,False,False,True,1.1387966350154688,1,False,True,False
22,14147.42,28,95865.35,1,7.0,1,1,0,1,False,False,False,True,False,False,False,False,False,False,False,False,6.775692974904619,0,True,False,False
33,34983.29,103,149836.57,0,7.0,1,0,0,0,False,False,True,False,False,False,False,True,False,True,True,False,4.282967297607012,0,False,True,False
31,21464.56,2,83119.12,1,13.0,1,1,0,0,False,False,False,False,False,False,True,False,False,False,False,False,3.872208318813951,0,False,False,False
65,29079.18,21,130156.43,2,4.0,1,0,1,0,True,False,False,False,False,False,True,False,False,False,True,False,4.4757780041251465,0,False,False,False
66,36697.03,9,133569.2,0,6.0,1,1,1,0,False,False,False,False,False,False,False,True,False,False,False,False,3.6396831110552803,0,False,False,False
66,7095.54,54,74584.89,0,0.0,1,1,0,0,False,False,True,False,False,False,True,False,False,False,False,False,10.510035876638474,0,True,False,False
54,37841.91,138,111761.06,0,5.0,1,1,1,1,False,False,False,False,False,False,False,True,False,True,False,True,2.9532892687163854,0,False,False,True
49,57834.89,32,74041.24,3,1.0,1,0,1,1,False,False,True,False,False,True,False,False,False,False,False,False,1.2801953942439548,1,True,False,False
55,64526.87375,178,144496.12,1,9.0,1,0,0,1,False,False,False,True,False,False,False,False,False,False,False,False,2.239282214067994,0,False,False,True
41,38117.69,49,86495.95999999999,1,14.0,1,0,1,1,False,False,True,False,True,False,False,False,True,False,False,True,2.2691220501019314,0,True,False,False
56,47299.06,9,31428.23,2,7.0,1,1,0,0,False,False,False,False,False,False,True,False,False,True,False,True,0.6644437660332778,0,False,False,False
63,34983.29,61,92268.61,0,14.0,1,0,0,0,False,False,False,False,False,False,True,False,False,False,False,False,2.637429829217629,0,False,True,False
61,28028.48,135,159165.05,0,15.0,1,1,0,1,False,False,False,False,False,False,False,True,False,False,False,True,5.678487435371616,0,False,False,True
52,7691.16,20,76844.6,1,7.0,1,0,1,0,False,True,False,False,False,False,True,False,False,False,False,True,9.98998980780431,0,False,False,False
21,42691.89,13,105147.18,0,8.0,1,1,0,1,False,False,False,True,False,False,False,False,False,False,False,False,2.4628733262142712,0,False,False,False
59,33641.98,153,109564.55,0,8.0,1,0,0,1,False,False,True,True,False,False,False,False,False,False,False,True,3.2566838609421636,0,False,False,True
38,22847.79,107,38351.97,2,6.0,1,1,0,0,False,False,False,False,False,False,True,False,False,False,True,False,1.678512078757781,0,False,True,False
60,36519.16,62,107981.86,1,13.0,1,0,0,0,False,False,True,False,False,False,False,False,True,False,False,False,2.956774011942992,0,False,True,False
48,27995.84,137,22277.42,1,6.0,2,1,0,0,False,False,False,False,False,False,False,False,True,False,False,False,0.7957119446337515,0,False,False,True
68,28658.89,152,56846.92,0,0.0,1,1,1,0,False,False,False,False,True,False,False,False,True,False,True,False,1.9835009834301527,0,False,False,True
37,42275.49,65,133407.53,1,8.0,1,1,1,0,False,False,False,True,False,False,False,False,False,True,True,False,3.1555961717730114,0,False,True,False
71,18939.41,102,101054.03,0,3.0,2,0,0,0,False,False,False,False,False,True,False,False,False,True,True,False,5.335366552255205,0,False,True,False
66,47567.78,2,71298.5,2,5.0,1,1,1,0,False,False,False,False,False,False,True,False,False,True,False,False,1.4988507167936618,0,False,False,False
36,18227.77,56,105090.75,1,8.0,1,1,0,1,False,False,False,False,False,False,False,True,True,False,True,False,5.765103734371546,0,True,False,False
45,27047.58,108,82295.85,0,11.0,2,1,0,0,False,False,False,False,False,False,False,False,False,True,False,False,3.042520161871714,0,False,True,False
48,58075.35,36,85566.03,0,4.0,1,0,1,0,False,True,False,False,False,False,True,False,False,True,False,True,1.4733369090860566,0,True,False,False
61,48528.26,179,86495.95999999999,3,6.0,2,1,0,0,False,False,False,False,False,False,True,False,True,False,False,False,1.7823465678232058,1,False,False,True
57,36171.25,175,52268.45,0,1.0,1,0,0,0,False,True,False,False,True,False,False,False,False,True,False,False,1.4449875249673436,0,False,False,True
66,23713.64,47,86815.14,2,6.0,1,1,1,0,False,False,False,False,False,True,False,False,False,False,True,False,3.660824705751384,0,True,False,False
39,28648.73,72,70947.93,1,9.0,1,0,0,0,False,False,False,False,False,False,False,True,False,False,False,True,2.4763908769820864,0,False,True,False
46,35879.3,35,13647.85,3,9.0,1,0,0,0,False,False,False,True,False,False,False,False,False,False,True,False,0.38037168028138,1,True,False,False
42,35450.28,91,86495.95999999999,1,4.0,3,0,0,0,False,False,False,False,True,False,False,False,False,False,False,False,2.4398543578680374,0,False,True,False
69,33909.55,23,155569.29,1,0.0,1,0,0,1,False,False,False,False,False,False,False,True,False,False,False,False,4.587636885865903,0,False,False,False
35,34630.01,71,102312.55,0,9.0,1,1,0,1,False,True,False,False,False,False,False,True,False,False,False,True,2.954362289751295,0,False,True,False
51,32427.5,100,25438.53,1,10.0,1,1,0,0,False,False,True,False,False,False,False,True,False,False,False,True,0.7844497895369813,0,False,True,False
24,17696.26,111,15684.05,2,1.0,1,0,1,0,False,False,True,True,False,False,False,False,True,False,False,True,0.8862417119938341,0,False,True,False
66,28801.87,108,79952.62,1,8.0,1,1,1,0,False,False,False,False,False,False,False,False,False,False,False,False,2.775856017126071,0,False,True,False
39,45975.49,40,155253.39,1,1.0,2,1,0,1,False,False,False,False,True,False,False,False,False,False,False,False,3.3767995338487133,0,True,False,False
37,18579.99,143,86495.95999999999,0,7.0,1,0,0,0,False,False,True,False,True,False,False,False,False,False,False,False,4.655078120164748,0,False,False,True
51,32725.33,125,143814.98,1,10.0,2,1,0,1,False,False,False,False,False,False,False,False,False,False,True,False,4.394473196352906,0,False,False,True
46,25162.95,136,100836.88,1,11.0,1,1,0,0,False,False,False,False,False,False,True,False,False,True,False,False,4.00719600857576,0,False,False,True
66,36336.21,85,106206.27,1,11.0,1,0,0,1,False,False,False,False,True,False,False,False,False,True,False,True,2.9227964942823075,0,False,True,False
48,30336.4,161,24892.58,0,12.0,1,1,0,1,False,False,False,False,True,False,False,False,False,False,False,True,0.8205245011108401,0,False,False,True
47,52728.72,71,127188.53,1,3.0,1,1,0,0,False,False,True,False,False,False,True,False,False,True,False,False,2.412084304638826,0,False,True,False
23,41079.0,146,69928.06,0,13.0,1,1,1,0,False,False,False,False,True,False,False,False,False,False,False,False,1.702240993184031,0,False,False,True
19,19258.36,37,123839.16,2,5.0,1,1,0,0,False,False,False,False,False,False,False,False,False,True,False,False,6.430076596522418,0,True,False,False
40,43054.74,45,48362.35,1,5.0,2,0,0,0,False,True,False,False,False,False,False,True,True,False,False,False,1.1232497687880874,0,True,False,False
74,25704.18,95,92967.22,1,12.0,2,0,1,1,False,True,False,False,False,False,True,False,True,False,False,False,3.6166725928392642,0,False,True,False
70,28076.04,101,100840.13,0,5.0,2,1,1,0,False,False,False,False,True,False,False,False,False,False,False,False,3.5915513173753357,0,False,True,False
53,38765.83,135,78068.5,1,1.0,3,1,1,1,False,False,False,False,False,False,False,True,False,True,True,False,2.013796330522769,0,False,False,True
53,29099.03,54,103204.53,0,11.0,2,1,0,0,True,False,False,False,True,False,False,False,True,False,True,False,3.5465437664497252,0,True,False,False
40,45714.27,158,73012.13,0,10.0,1,1,0,0,False,False,False,False,False,True,False,False,True,False,False,False,1.5971059560623837,0,False,False,True
28,25705.88,60,55792.31,2,9.0,1,0,0,0,False,False,False,False,False,False,False,False,False,False,False,False,2.170325998331964,0,True,False,False
18,27572.64,97,157246.75,1,2.0,2,0,0,1,False,False,False,False,False,False,False,False,False,False,False,False,5.702792594666501,0,False,True,False
37,27123.55,168,132202.88,4,10.0,2,1,1,0,False,False,False,False,False,False,True,False,False,False,False,False,4.873919751664083,1,False,False,True
36,28212.34,98,50761.09,0,7.0,3,0,0,0,False,True,False,False,False,False,True,False,False,False,False,False,1.7991875474509575,0,False,True,False
28,48190.3,123,110579.99,1,8.0,2,0,0,0,True,False,False,False,True,False,False,False,False,True,False,True,2.294604835312598,0,False,False,True
32,42545.56,164,51579.45,1,7.0,1,1,0,0,False,True,False,False,False,False,False,True,False,False,False,False,1.2123060007671596,0,False,False,True
19,55519.33,176,31689.19,0,12.0,3,0,0,1,True,False,False,False,True,False,False,False,False,False,False,False,0.5707673207273803,0,False,False,True
52,62211.73,90,131521.42,3,15.0,3,0,1,1,False,False,True,False,False,True,False,False,True,False,False,False,2.1140596144872603,1,False,True,False
70,22631.4,76,8315.52,3,3.0,1,1,1,0,True,False,False,False,False,False,True,False,False,True,False,False,0.3674166239550379,1,False,True,False
57,35845.03,36,126708.52,1,1.0,2,1,1,1,False,False,True,False,False,False,False,True,True,False,False,False,3.53479925113046,0,True,False,False
43,34983.29,97,73627.5,2,8.0,1,0,0,0,False,False,False,False,False,False,False,True,True,False,False,True,2.1045875162823084,0,False,True,False
41,25668.73,166,75480.4,1,15.0,3,0,1,1,False,False,False,False,False,False,False,True,True,False,False,True,2.9404438613105786,0,False,False,True
35,27439.01,88,103438.8,2,2.0,1,1,0,1,False,False,False,False,False,True,False,False,False,True,False,False,3.769634194739725,0,False,True,False
26,22314.14,63,86495.95999999999,1,7.0,2,1,0,0,False,False,False,False,False,False,False,True,False,False,False,True,3.8761110170045985,0,False,True,False
52,22377.35,20,47814.56,1,6.0,1,0,0,0,False,False,False,True,False,False,False,False,False,False,True,False,2.1366436756954825,0,False,False,False
50,33268.59,71,117297.65,2,5.0,1,1,1,0,False,False,False,False,False,False,True,False,True,False,False,False,3.525671641880769,0,False,True,False
18,20399.38,43,90101.67,0,10.0,1,1,0,0,False,False,True,False,False,True,False,False,False,False,False,False,4.4166662581775435,0,True,False,False
41,45105.52,176,28477.53,2,4.0,1,1,0,0,False,False,False,False,False,False,False,False,False,False,False,False,0.6313395491383508,0,False,False,True
33,23986.96,95,77355.65,3,7.0,1,0,0,0,False,False,False,False,False,False,False,True,False,True,False,False,3.2247698428711735,1,False,True,False
27,64526.87375,25,147157.56,0,13.0,3,0,1,0,False,False,False,False,False,False,False,False,False,False,False,False,2.2805270257335883,0,True,False,False
58,29583.39,13,160446.77,1,6.0,1,0,0,0,False,False,False,True,False,False,False,False,False,False,False,False,5.423359075512457,0,False,False,False
47,35864.21,154,117280.68,2,0.0,2,1,1,0,False,False,False,False,False,False,True,False,False,True,False,True,3.270040242340697,0,False,False,True
54,19455.91,168,31434.54,2,14.0,1,1,1,0,False,False,False,False,False,False,False,True,False,False,False,False,1.6155977490773201,0,False,False,True
58,55473.1,138,107077.31,1,4.0,1,0,0,1,False,False,False,False,True,False,False,False,False,True,False,True,1.9302216710140407,0,False,False,True
73,48434.01,23,123288.74,0,12.0,2,1,1,1,False,False,False,False,False,False,False,True,False,False,False,True,2.545446774967116,0,False,False,False
63,38562.99,18,117656.86,0,12.0,1,1,1,1,True,False,False,False,True,False,False,False,False,True,False,True,3.0509514186680375,0,False,False,False
53,18838.37,36,120322.94,1,8.0,1,0,0,0,False,False,True,False,False,False,False,False,False,False,False,False,6.3867815112713435,0,True,False,False
